============================================================
超级大乐透全部历史开奖号码
共计 2895 期（第07001期 ~ 第26077期）
============================================================

期号        开奖日期          前区号码                  后区号码
------------------------------------------------------------
07001     2007-05-30    22 24 29 31 35        04 11
07002     2007-06-02    15 22 31 34 35        05 12
07003     2007-06-04    03 04 18 23 32        01 06
07004     2007-06-06    06 10 16 17 25        02 04
07005     2007-06-09    01 09 19 20 30        02 11
07006     2007-06-11    01 16 20 23 28        03 06
07007     2007-06-13    14 16 25 26 35        04 09
07008     2007-06-16    02 08 11 21 23        04 07
07009     2007-06-18    01 03 09 19 34        09 12
07010     2007-06-20    06 08 18 29 34        09 11
07011     2007-06-23    29 32 33 34 35        09 10
07012     2007-06-25    03 12 15 29 34        07 11
07013     2007-06-27    12 17 27 29 34        06 09
07014     2007-06-30    01 02 07 29 32        06 07
07015     2007-07-02    02 08 12 13 17        11 12
07016     2007-07-04    01 14 19 24 31        03 12
07017     2007-07-07    13 14 29 32 34        03 12
07018     2007-07-09    03 04 16 23 28        06 09
07019     2007-07-11    03 06 17 22 23        04 06
07020     2007-07-14    02 06 11 12 18        05 12
07021     2007-07-16    02 04 24 29 33        01 02
07022     2007-07-18    08 10 12 23 25        03 10
07023     2007-07-21    08 10 23 32 34        08 10
07024     2007-07-23    06 16 20 25 31        04 09
07025     2007-07-25    22 24 26 27 34        02 10
07026     2007-07-28    05 09 13 33 35        01 08
07027     2007-07-30    02 03 10 19 27        06 10
07028     2007-08-01    20 26 30 34 35        03 10
07029     2007-08-04    15 22 25 29 35        09 11
07030     2007-08-06    11 14 27 33 35        02 07
07031     2007-08-08    03 21 27 31 32        06 08
07032     2007-08-11    01 13 21 23 32        04 11
07033     2007-08-13    01 05 08 14 22        03 12
07034     2007-08-15    06 08 11 13 22        02 11
07035     2007-08-18    07 11 16 31 32        01 12
07036     2007-08-20    15 18 21 27 34        01 02
07037     2007-08-22    01 06 07 17 31        11 12
07038     2007-08-25    06 21 25 27 32        08 09
07039     2007-08-27    10 11 20 21 35        07 11
07040     2007-08-29    05 21 25 28 35        01 04
07041     2007-09-01    03 16 17 22 35        01 08
07042     2007-09-03    07 10 22 31 35        05 06
07043     2007-09-05    04 09 22 24 31        02 06
07044     2007-09-08    04 05 07 12 26        01 10
07045     2007-09-10    09 16 20 26 35        11 12
07046     2007-09-12    04 16 18 23 30        01 10
07047     2007-09-15    01 06 15 19 35        02 09
07048     2007-09-17    08 25 26 29 35        06 08
07049     2007-09-19    09 10 15 17 32        04 06
07050     2007-09-22    13 21 22 30 35        01 11
07051     2007-09-24    03 07 24 28 35        08 11
07052     2007-09-26    01 14 29 32 33        05 10
07053     2007-09-29    11 16 19 21 25        01 10
07054     2007-10-01    04 10 19 29 34        03 06
07055     2007-10-03    10 16 24 31 33        07 10
07056     2007-10-06    04 11 17 20 21        05 09
07057     2007-10-08    14 16 30 32 35        06 07
07058     2007-10-10    08 21 25 28 33        02 06
07059     2007-10-13    04 15 23 31 33        03 09
07060     2007-10-15    12 13 29 30 31        04 07
07061     2007-10-17    02 10 19 28 29        02 09
07062     2007-10-20    01 04 10 14 29        11 12
07063     2007-10-22    10 31 33 34 35        07 12
07064     2007-10-24    02 16 32 33 35        05 10
07065     2007-10-27    19 20 24 29 31        09 10
07066     2007-10-29    04 07 08 19 24        07 12
07067     2007-10-31    11 18 25 30 31        04 09
07068     2007-11-03    04 09 13 14 33        06 10
07069     2007-11-05    02 13 16 21 35        01 05
07070     2007-11-07    07 26 29 30 35        03 04
07071     2007-11-10    10 22 32 33 35        01 07
07072     2007-11-12    21 24 26 27 33        01 05
07073     2007-11-14    04 05 09 12 23        02 11
07074     2007-11-17    16 17 23 24 31        05 10
07075     2007-11-19    05 11 20 30 32        07 11
07076     2007-11-21    02 09 12 15 31        09 10
07077     2007-11-24    04 06 12 13 24        01 04
07078     2007-11-26    09 12 14 22 23        01 02
07079     2007-11-28    06 09 25 26 31        02 08
07080     2007-12-01    01 15 20 25 27        05 10
07081     2007-12-03    06 18 20 22 35        04 09
07082     2007-12-05    03 05 14 33 34        07 08
07083     2007-12-08    01 05 20 21 24        03 04
07084     2007-12-10    05 11 18 29 34        10 11
07085     2007-12-12    17 24 28 29 33        02 05
07086     2007-12-15    14 18 19 26 28        03 09
07087     2007-12-17    08 18 30 31 33        04 09
07088     2007-12-19    17 18 21 23 33        06 10
07089     2007-12-22    08 13 24 30 34        01 12
07090     2007-12-24    04 20 24 31 33        09 12
07091     2007-12-26    07 12 26 31 32        03 08
07092     2007-12-29    06 19 27 28 29        06 10
07093     2007-12-31    06 08 16 25 27        08 12
08001     2008-01-02    01 02 11 34 35        03 10
08002     2008-01-05    01 12 24 31 32        10 12
08003     2008-01-07    01 11 13 32 35        02 07
08004     2008-01-09    09 22 24 31 33        08 09
08005     2008-01-12    18 25 29 31 34        09 10
08006     2008-01-14    10 12 26 29 34        05 07
08007     2008-01-16    03 04 05 12 28        03 12
08008     2008-01-19    02 06 08 17 32        08 09
08009     2008-01-21    04 08 12 24 30        05 08
08010     2008-01-23    06 23 24 27 29        06 08
08011     2008-01-26    14 20 22 24 27        07 10
08012     2008-01-28    02 10 29 32 35        02 03
08013     2008-01-30    01 11 19 22 35        05 09
08014     2008-02-02    04 07 10 28 34        01 06
08015     2008-02-04    09 18 20 27 33        06 09
08016     2008-02-13    08 10 11 17 19        06 09
08017     2008-02-16    02 14 25 29 32        01 06
08018     2008-02-18    03 06 07 11 30        02 03
08019     2008-02-20    08 24 25 29 31        04 05
08020     2008-02-23    04 05 15 17 33        04 08
08021     2008-02-25    05 10 13 21 24        04 09
08022     2008-02-27    09 12 13 25 31        08 10
08023     2008-03-01    06 26 31 32 34        07 10
08024     2008-03-03    08 12 17 20 30        01 02
08025     2008-03-05    06 10 12 15 28        04 12
08026     2008-03-08    01 21 22 24 25        08 10
08027     2008-03-10    05 17 23 31 32        04 08
08028     2008-03-12    03 11 17 19 26        07 12
08029     2008-03-15    06 11 18 29 30        04 11
08030     2008-03-17    03 21 23 26 35        05 08
08031     2008-03-19    14 20 23 27 28        02 04
08032     2008-03-22    03 09 19 27 33        09 10
08033     2008-03-24    03 10 21 23 30        01 09
08034     2008-03-26    06 07 18 34 35        05 10
08035     2008-03-29    02 12 13 29 30        05 07
08036     2008-03-31    09 19 22 30 32        01 10
08037     2008-04-02    11 20 24 31 35        04 10
08038     2008-04-05    12 13 19 32 33        02 10
08039     2008-04-07    07 11 15 27 35        04 07
08040     2008-04-09    04 08 19 22 29        08 11
08041     2008-04-12    07 17 21 22 28        05 10
08042     2008-04-14    05 10 13 32 35        04 05
08043     2008-04-16    05 08 10 31 33        02 04
08044     2008-04-19    02 21 23 27 32        10 11
08045     2008-04-21    14 32 33 34 35        02 04
08046     2008-04-23    11 25 26 27 35        07 08
08047     2008-04-26    12 18 22 23 30        06 12
08048     2008-04-28    01 13 22 25 27        02 10
08049     2008-04-30    01 11 14 28 30        03 10
08050     2008-05-03    01 05 11 26 27        03 07
08051     2008-05-05    01 07 09 11 33        03 11
08052     2008-05-07    03 18 19 30 35        05 09
08053     2008-05-10    01 13 21 23 32        03 06
08054     2008-05-12    05 14 23 31 35        02 06
08055     2008-05-14    02 14 28 30 35        04 12
08056     2008-05-17    15 19 25 30 31        03 09
08057     2008-05-19    05 08 09 17 33        05 06
08058     2008-05-21    03 09 11 29 33        03 12
08059     2008-05-24    07 13 21 25 31        08 10
08060     2008-05-26    03 13 17 23 30        01 11
08061     2008-05-28    07 10 14 19 32        03 06
08062     2008-05-31    01 15 27 28 29        03 10
08063     2008-06-02    07 11 24 30 35        06 08
08064     2008-06-04    14 18 24 27 31        06 07
08065     2008-06-07    19 22 23 25 32        06 12
08066     2008-06-09    02 07 21 22 25        04 12
08067     2008-06-11    03 10 14 15 22        04 07
08068     2008-06-14    06 09 11 33 34        06 10
08069     2008-06-16    05 13 16 29 33        06 08
08070     2008-06-18    09 17 18 21 31        01 05
08071     2008-06-21    01 05 11 14 25        01 09
08072     2008-06-23    10 25 32 33 34        03 09
08073     2008-06-25    02 05 06 07 31        08 10
08074     2008-06-28    10 13 22 31 35        04 12
08075     2008-06-30    01 10 13 30 33        06 07
08076     2008-07-02    03 05 10 27 34        01 12
08077     2008-07-05    01 08 21 33 34        05 07
08078     2008-07-07    08 17 20 28 31        07 11
08079     2008-07-09    20 23 26 32 33        05 12
08080     2008-07-12    06 09 29 31 33        05 11
08081     2008-07-14    07 08 20 22 29        04 07
08082     2008-07-16    15 19 29 33 35        01 02
08083     2008-07-19    06 14 15 30 31        03 10
08084     2008-07-21    02 17 20 22 25        05 11
08085     2008-07-23    03 07 13 15 19        02 10
08086     2008-07-26    01 06 10 22 35        03 07
08087     2008-07-28    14 22 32 33 35        01 05
08088     2008-07-30    07 11 19 27 31        02 03
08089     2008-08-02    08 13 24 32 33        03 09
08090     2008-08-04    04 11 18 33 34        02 06
08091     2008-08-06    09 13 19 22 25        04 10
08092     2008-08-09    03 23 26 32 34        04 09
08093     2008-08-11    06 07 10 24 30        05 08
08094     2008-08-13    07 12 19 27 34        11 12
08095     2008-08-16    03 04 11 21 25        01 07
08096     2008-08-18    06 07 12 25 28        02 12
08097     2008-08-20    01 10 31 33 35        03 10
08098     2008-08-23    07 10 22 27 33        04 08
08099     2008-08-25    03 18 23 25 30        06 10
08100     2008-08-27    12 20 26 29 30        02 06
08101     2008-08-30    10 13 23 31 33        04 11
08102     2008-09-01    05 25 26 29 35        03 10
08103     2008-09-03    02 11 22 30 34        04 09
08104     2008-09-06    07 08 10 24 34        08 11
08105     2008-09-08    12 21 22 26 35        04 05
08106     2008-09-10    03 05 21 28 33        02 06
08107     2008-09-13    01 02 13 15 16        04 09
08108     2008-09-15    11 16 24 29 32        09 11
08109     2008-09-17    01 10 18 28 34        05 08
08110     2008-09-20    05 16 25 27 33        04 09
08111     2008-09-22    02 11 12 14 19        05 09
08112     2008-09-24    04 18 26 32 33        05 08
08113     2008-09-27    11 14 17 19 22        01 08
08114     2008-09-29    02 03 22 27 31        06 07
08115     2008-10-01    07 09 19 21 33        07 10
08116     2008-10-04    06 08 15 24 31        01 03
08117     2008-10-06    13 23 24 25 30        02 08
08118     2008-10-08    06 09 19 25 30        06 12
08119     2008-10-11    01 02 10 19 27        01 11
08120     2008-10-13    21 23 24 25 32        03 04
08121     2008-10-15    11 23 24 32 35        04 10
08122     2008-10-18    03 06 12 20 29        09 12
08123     2008-10-20    01 06 12 28 31        08 09
08124     2008-10-22    02 10 13 29 33        06 10
08125     2008-10-25    01 04 28 33 34        06 11
08126     2008-10-27    09 29 32 34 35        01 08
08127     2008-10-29    08 21 22 31 33        01 07
08128     2008-11-01    12 15 23 24 25        10 11
08129     2008-11-03    13 16 20 25 27        04 05
08130     2008-11-05    03 05 22 29 34        07 12
08131     2008-11-08    08 09 12 21 32        07 11
08132     2008-11-10    06 14 24 27 29        05 09
08133     2008-11-12    10 12 15 33 35        03 09
08134     2008-11-15    11 13 15 28 35        08 10
08135     2008-11-17    07 22 25 29 33        01 12
08136     2008-11-19    03 28 29 32 34        01 06
08137     2008-11-22    01 10 25 32 35        05 09
08138     2008-11-24    04 05 18 22 35        07 08
08139     2008-11-26    01 06 10 14 22        06 08
08140     2008-11-29    02 09 11 29 32        08 09
08141     2008-12-01    09 15 18 30 34        04 05
08142     2008-12-03    06 18 21 30 35        08 09
08143     2008-12-06    01 02 22 29 32        01 04
08144     2008-12-08    10 19 27 28 33        05 12
08145     2008-12-10    05 16 27 29 30        05 11
08146     2008-12-13    09 23 24 26 33        07 12
08147     2008-12-15    16 18 19 24 35        11 12
08148     2008-12-17    03 07 20 33 35        04 07
08149     2008-12-20    02 05 06 27 29        03 04
08150     2008-12-22    01 09 10 15 25        03 08
08151     2008-12-24    07 10 27 31 34        08 09
08152     2008-12-27    03 05 14 20 33        07 11
08153     2008-12-29    02 04 06 25 26        02 05
08154     2008-12-31    05 07 10 29 32        04 06
09001     2009-01-03    01 15 23 27 30        04 10
09002     2009-01-05    01 04 07 12 30        05 10
09003     2009-01-07    16 18 23 30 32        02 11
09004     2009-01-10    01 03 22 32 35        06 10
09005     2009-01-12    10 11 15 31 32        05 08
09006     2009-01-14    02 04 22 31 35        09 12
09007     2009-01-17    06 14 15 29 35        06 11
09008     2009-01-19    04 17 21 29 31        02 12
09009     2009-01-21    12 18 23 26 32        06 09
09010     2009-01-24    02 09 12 21 29        07 11
09011     2009-02-02    02 11 13 14 21        02 04
09012     2009-02-04    02 05 20 25 31        10 12
09013     2009-02-07    05 24 26 30 35        05 12
09014     2009-02-09    08 14 15 25 26        07 09
09015     2009-02-11    01 05 10 16 27        03 04
09016     2009-02-14    10 11 20 26 27        09 11
09017     2009-02-16    05 11 23 26 33        04 12
09018     2009-02-18    01 06 13 28 29        03 09
09019     2009-02-21    04 29 31 32 35        04 10
09020     2009-02-23    05 16 18 32 35        02 11
09021     2009-02-25    01 15 31 32 34        03 08
09022     2009-02-28    12 14 17 34 35        04 11
09023     2009-03-02    15 17 21 27 33        07 11
09024     2009-03-04    29 31 32 33 35        10 11
09025     2009-03-07    03 17 22 23 33        04 10
09026     2009-03-09    24 30 31 32 34        10 12
09027     2009-03-11    03 22 26 33 34        09 10
09028     2009-03-14    06 20 30 32 35        09 11
09029     2009-03-16    03 04 13 17 24        04 11
09030     2009-03-18    01 07 27 30 32        01 04
09031     2009-03-21    07 11 19 21 22        01 11
09032     2009-03-23    04 12 20 26 29        06 10
09033     2009-03-25    02 08 18 21 32        08 11
09034     2009-03-28    05 19 31 32 35        04 09
09035     2009-03-30    03 07 09 28 33        03 08
09036     2009-04-01    02 12 26 31 33        09 10
09037     2009-04-04    17 18 19 25 31        01 11
09038     2009-04-06    06 17 20 29 32        04 05
09039     2009-04-08    01 03 07 10 33        03 04
09040     2009-04-11    03 16 30 32 33        01 10
09041     2009-04-13    05 09 20 23 29        04 10
09042     2009-04-15    11 24 25 26 31        02 07
09043     2009-04-18    05 21 22 32 35        02 05
09044     2009-04-20    01 07 18 29 34        03 09
09045     2009-04-22    01 09 14 24 35        06 09
09046     2009-04-25    01 09 24 34 35        04 09
09047     2009-04-27    13 18 21 24 29        03 06
09048     2009-04-29    05 06 22 25 27        11 12
09049     2009-05-02    05 16 28 29 34        11 12
09050     2009-05-04    05 15 28 32 33        08 09
09051     2009-05-06    03 11 22 26 29        05 12
09052     2009-05-09    23 24 30 34 35        01 03
09053     2009-05-11    05 09 24 31 33        05 06
09054     2009-05-13    02 12 19 29 30        07 12
09055     2009-05-16    05 08 14 23 24        05 06
09056     2009-05-18    04 13 17 32 35        03 06
09057     2009-05-20    06 15 22 27 30        02 09
09058     2009-05-23    08 10 14 27 32        02 07
09059     2009-05-25    02 13 14 29 33        04 11
09060     2009-05-27    18 28 29 30 31        04 08
09061     2009-05-30    02 10 21 26 34        02 10
09062     2009-06-01    04 22 23 29 31        05 11
09063     2009-06-03    05 06 18 21 22        01 07
09064     2009-06-06    06 10 11 17 34        11 12
09065     2009-06-08    01 12 24 27 32        02 11
09066     2009-06-10    01 08 19 24 31        06 12
09067     2009-06-13    03 06 25 28 32        02 05
09068     2009-06-15    02 12 15 20 28        01 12
09069     2009-06-17    14 16 27 30 33        08 12
09070     2009-06-20    10 21 24 30 31        03 10
09071     2009-06-22    04 20 29 30 33        02 11
09072     2009-06-24    23 26 29 32 33        05 10
09073     2009-06-27    01 10 19 21 30        01 04
09074     2009-06-29    15 17 19 23 32        01 11
09075     2009-07-01    01 07 11 32 33        09 11
09076     2009-07-04    03 09 11 18 24        04 05
09077     2009-07-06    07 20 28 32 34        06 08
09078     2009-07-08    11 23 26 31 34        05 11
09079     2009-07-11    01 02 07 13 34        04 10
09080     2009-07-13    07 16 19 29 35        02 11
09081     2009-07-15    02 15 20 25 33        03 06
09082     2009-07-18    05 11 26 29 32        08 11
09083     2009-07-20    02 05 28 34 35        01 07
09084     2009-07-22    05 09 19 26 35        02 10
09085     2009-07-25    06 13 27 33 34        09 12
09086     2009-07-27    01 02 07 26 29        10 12
09087     2009-07-29    10 24 28 30 33        01 10
09088     2009-08-01    13 16 27 32 34        03 09
09089     2009-08-03    03 06 11 19 27        02 07
09090     2009-08-05    18 25 30 33 34        04 10
09091     2009-08-08    01 05 17 32 34        03 07
09092     2009-08-10    10 21 22 27 29        08 12
09093     2009-08-12    07 09 22 30 33        09 11
09094     2009-08-15    01 05 21 23 29        05 12
09095     2009-08-17    08 18 24 30 33        01 06
09096     2009-08-19    07 12 28 32 33        01 03
09097     2009-08-22    06 13 14 22 25        01 04
09098     2009-08-24    11 17 19 25 26        02 10
09099     2009-08-26    03 09 21 23 33        06 10
09100     2009-08-29    16 20 25 29 33        01 08
09101     2009-08-31    02 10 14 22 26        04 09
09102     2009-09-02    11 13 29 32 35        10 12
09103     2009-09-05    16 20 28 32 33        01 02
09104     2009-09-07    15 25 29 32 33        10 11
09105     2009-09-09    01 25 26 34 35        06 11
09106     2009-09-12    11 21 22 25 34        06 09
09107     2009-09-14    11 12 33 34 35        01 10
09108     2009-09-16    01 09 14 29 30        07 10
09109     2009-09-19    02 11 13 26 35        06 10
09110     2009-09-21    22 28 30 31 34        07 09
09111     2009-09-23    04 11 13 19 35        10 12
09112     2009-09-26    02 08 12 34 35        04 05
09113     2009-09-28    03 04 10 18 27        06 08
09114     2009-09-30    02 08 25 29 33        03 07
09115     2009-10-03    01 02 06 08 26        05 12
09116     2009-10-05    12 15 23 30 33        09 12
09117     2009-10-07    07 21 29 31 33        09 10
09118     2009-10-10    10 17 18 21 34        05 11
09119     2009-10-12    03 12 22 23 28        04 12
09120     2009-10-14    11 23 27 28 32        02 05
09121     2009-10-17    04 05 08 11 22        02 10
09122     2009-10-19    01 02 11 31 33        05 06
09123     2009-10-21    10 21 28 29 32        06 10
09124     2009-10-24    01 03 14 32 35        07 11
09125     2009-10-26    08 20 23 29 31        02 11
09126     2009-10-28    14 23 27 28 33        08 12
09127     2009-10-31    05 09 27 32 34        05 08
09128     2009-11-02    06 21 28 32 34        04 07
09129     2009-11-04    02 10 18 32 33        03 08
09130     2009-11-07    09 14 25 32 34        02 08
09131     2009-11-09    02 03 08 33 34        03 11
09132     2009-11-11    02 10 12 15 28        04 07
09133     2009-11-14    01 08 24 27 34        10 11
09134     2009-11-16    02 16 19 28 33        07 11
09135     2009-11-18    06 08 15 20 32        05 06
09136     2009-11-21    07 13 23 24 29        06 10
09137     2009-11-23    12 28 29 30 34        01 09
09138     2009-11-25    03 04 14 28 32        09 10
09139     2009-11-28    14 16 20 22 32        05 09
09140     2009-11-30    07 08 19 26 30        01 12
09141     2009-12-02    13 14 21 30 33        02 08
09142     2009-12-05    05 06 13 24 31        03 11
09143     2009-12-07    01 09 10 11 22        01 12
09144     2009-12-09    18 26 32 33 34        04 06
09145     2009-12-12    05 11 14 22 35        03 10
09146     2009-12-14    11 17 23 24 25        03 06
09147     2009-12-16    06 12 18 22 29        05 08
09148     2009-12-19    02 04 13 14 33        01 09
09149     2009-12-21    01 03 10 12 20        02 07
09150     2009-12-23    04 11 18 25 34        05 07
09151     2009-12-26    03 08 14 30 31        04 09
09152     2009-12-28    01 23 29 30 32        07 12
09153     2009-12-30    21 22 30 32 34        03 07
10001     2010-01-02    02 06 07 12 27        02 08
10002     2010-01-04    04 23 25 26 30        07 10
10003     2010-01-06    05 14 23 27 30        02 08
10004     2010-01-09    03 06 21 24 34        04 06
10005     2010-01-11    04 17 19 22 30        02 03
10006     2010-01-13    03 13 19 30 34        02 05
10007     2010-01-16    07 23 26 29 32        08 11
10008     2010-01-18    11 23 25 31 32        05 11
10009     2010-01-20    02 05 13 27 32        03 11
10010     2010-01-23    15 22 24 32 35        02 09
10011     2010-01-25    02 03 11 27 32        08 11
10012     2010-01-27    20 24 30 31 33        05 12
10013     2010-01-30    18 21 22 26 34        09 12
10014     2010-02-01    18 19 30 33 35        02 04
10015     2010-02-03    03 10 14 18 28        08 10
10016     2010-02-06    10 12 20 23 32        04 10
10017     2010-02-08    13 21 23 27 34        09 12
10018     2010-02-10    03 10 26 32 33        04 12
10019     2010-02-20    03 11 19 26 27        02 09
10020     2010-02-22    08 18 26 32 33        01 06
10021     2010-02-24    11 20 23 24 25        07 09
10022     2010-02-27    02 11 13 14 25        02 05
10023     2010-03-01    11 13 29 32 33        02 08
10024     2010-03-03    03 14 19 24 25        04 11
10025     2010-03-06    09 11 13 14 25        01 07
10026     2010-03-08    05 23 25 31 35        07 10
10027     2010-03-10    05 23 26 32 34        02 09
10028     2010-03-13    01 02 07 20 35        01 03
10029     2010-03-15    21 22 33 34 35        03 04
10030     2010-03-17    10 12 19 32 35        02 07
10031     2010-03-20    05 13 16 17 35        06 08
10032     2010-03-22    13 16 23 24 33        07 11
10033     2010-03-24    12 19 28 29 30        05 08
10034     2010-03-27    01 06 19 25 26        03 09
10035     2010-03-29    14 16 20 31 34        01 07
10036     2010-03-31    19 25 28 31 33        01 08
10037     2010-04-03    19 21 26 34 35        01 09
10038     2010-04-05    08 10 25 29 33        01 02
10039     2010-04-07    07 19 26 28 32        01 08
10040     2010-04-10    13 20 26 31 35        02 11
10041     2010-04-12    16 22 28 29 34        04 12
10042     2010-04-14    01 05 19 34 35        06 07
10043     2010-04-17    05 08 10 33 35        02 10
10044     2010-04-19    06 21 24 28 30        02 07
10045     2010-04-21    08 17 18 20 28        09 10
10046     2010-04-24    02 15 19 26 27        05 06
10047     2010-04-26    04 08 11 30 31        02 08
10048     2010-04-28    02 03 10 12 25        03 09
10049     2010-05-01    01 25 29 31 33        04 10
10050     2010-05-03    07 08 15 30 35        05 10
10051     2010-05-05    06 10 20 24 32        06 10
10052     2010-05-08    04 06 25 29 32        05 06
10053     2010-05-10    09 19 22 26 34        09 11
10054     2010-05-12    12 25 29 30 33        10 11
10055     2010-05-15    13 14 17 27 32        02 10
10056     2010-05-17    05 09 23 25 30        09 12
10057     2010-05-19    15 17 24 32 35        07 09
10058     2010-05-22    06 15 17 19 30        01 12
10059     2010-05-24    06 10 14 25 34        01 03
10060     2010-05-26    10 13 22 33 34        01 05
10061     2010-05-29    05 12 14 17 22        05 07
10062     2010-05-31    06 07 18 30 31        07 08
10063     2010-06-02    07 14 16 30 31        03 06
10064     2010-06-05    07 10 12 20 21        06 09
10065     2010-06-07    05 08 13 14 32        08 11
10066     2010-06-09    15 21 22 24 27        01 06
10067     2010-06-12    01 11 19 30 32        03 10
10068     2010-06-14    11 17 19 20 34        06 10
10069     2010-06-16    06 17 18 25 29        08 09
10070     2010-06-19    05 14 23 25 28        11 12
10071     2010-06-21    07 12 26 30 32        02 07
10072     2010-06-23    05 10 17 23 25        03 10
10073     2010-06-26    04 09 11 30 32        01 11
10074     2010-06-28    03 07 20 27 32        02 12
10075     2010-06-30    10 12 17 23 27        05 07
10076     2010-07-03    09 12 16 19 35        02 12
10077     2010-07-05    06 07 09 17 24        02 12
10078     2010-07-07    02 03 15 28 35        01 11
10079     2010-07-10    01 04 21 22 24        02 05
10080     2010-07-12    08 19 27 29 34        04 10
10081     2010-07-14    14 18 20 24 27        05 10
10082     2010-07-17    05 08 24 29 30        04 06
10083     2010-07-19    07 11 21 22 35        04 07
10084     2010-07-21    03 13 14 22 26        02 05
10085     2010-07-24    02 10 16 18 34        02 03
10086     2010-07-26    01 02 12 19 35        05 07
10087     2010-07-28    01 12 20 21 24        02 08
10088     2010-07-31    03 05 14 30 35        03 06
10089     2010-08-02    04 10 13 18 23        08 10
10090     2010-08-04    08 24 26 31 32        07 09
10091     2010-08-07    06 10 23 26 31        05 07
10092     2010-08-09    02 15 29 30 34        02 12
10093     2010-08-11    02 04 09 28 29        05 08
10094     2010-08-14    20 32 33 34 35        06 07
10095     2010-08-16    12 14 16 19 25        01 06
10096     2010-08-18    04 09 24 30 35        01 10
10097     2010-08-21    09 17 21 28 29        02 08
10098     2010-08-23    02 03 12 13 25        01 07
10099     2010-08-25    03 11 17 21 30        01 08
10100     2010-08-28    19 20 30 33 35        06 08
10101     2010-08-30    11 15 22 27 35        05 08
10102     2010-09-01    04 15 19 24 35        01 10
10103     2010-09-04    10 14 29 30 35        05 08
10104     2010-09-06    14 25 30 32 33        01 11
10105     2010-09-08    05 17 26 27 35        08 09
10106     2010-09-11    05 27 28 29 34        09 12
10107     2010-09-13    14 17 22 27 34        03 05
10108     2010-09-15    01 10 13 19 34        09 12
10109     2010-09-18    01 02 08 11 25        10 12
10110     2010-09-20    21 29 30 33 35        07 11
10111     2010-09-22    03 06 13 14 29        01 02
10112     2010-09-25    14 15 18 34 35        08 10
10113     2010-09-27    05 16 22 23 32        04 10
10114     2010-09-29    03 07 22 25 35        03 11
10115     2010-10-02    05 07 10 15 32        03 08
10116     2010-10-04    14 22 27 28 35        04 10
10117     2010-10-06    04 06 21 27 34        05 09
10118     2010-10-09    19 22 23 29 35        08 10
10119     2010-10-11    05 13 14 23 26        02 03
10120     2010-10-13    08 10 18 34 35        06 10
10121     2010-10-16    21 22 31 32 34        02 12
10122     2010-10-18    05 06 11 13 26        02 07
10123     2010-10-20    18 20 30 32 33        01 11
10124     2010-10-23    01 09 27 29 34        01 06
10125     2010-10-25    01 07 09 14 19        09 12
10126     2010-10-27    03 05 09 13 33        05 11
10127     2010-10-30    03 22 24 30 33        04 10
10128     2010-11-01    06 17 19 29 35        02 08
10129     2010-11-03    14 15 24 25 26        03 07
10130     2010-11-06    05 06 09 10 34        08 11
10131     2010-11-08    10 15 22 28 29        04 12
10132     2010-11-10    18 21 23 25 29        06 11
10133     2010-11-13    11 16 17 21 22        03 06
10134     2010-11-15    09 12 13 19 30        04 05
10135     2010-11-17    14 17 19 26 32        03 04
10136     2010-11-20    03 13 18 30 33        07 08
10137     2010-11-22    22 27 28 33 35        09 11
10138     2010-11-24    08 12 14 19 27        05 06
10139     2010-11-27    03 13 16 19 29        07 09
10140     2010-11-29    06 18 20 30 31        03 06
10141     2010-12-01    05 11 17 23 33        03 10
10142     2010-12-04    10 11 19 21 27        04 06
10143     2010-12-06    10 16 18 22 27        06 08
10144     2010-12-08    02 11 16 22 31        10 11
10145     2010-12-11    18 19 27 28 33        03 06
10146     2010-12-13    14 17 30 31 34        04 10
10147     2010-12-15    01 15 19 21 23        11 12
10148     2010-12-18    03 04 08 10 35        02 06
10149     2010-12-20    05 22 24 25 30        01 06
10150     2010-12-22    05 24 28 29 35        01 09
10151     2010-12-25    01 10 32 33 35        03 08
10152     2010-12-27    02 05 18 22 23        07 12
10153     2010-12-29    06 07 16 24 35        04 06
11001     2011-01-01    07 08 15 32 34        05 12
11002     2011-01-03    11 13 27 28 29        02 06
11003     2011-01-05    01 24 27 30 31        01 06
11004     2011-01-08    07 08 10 23 25        07 09
11005     2011-01-10    01 07 25 27 30        07 12
11006     2011-01-12    02 08 16 26 35        11 12
11007     2011-01-15    14 24 32 33 35        02 09
11008     2011-01-17    01 23 26 27 30        05 06
11009     2011-01-19    09 10 11 14 24        03 08
11010     2011-01-22    04 08 10 14 27        05 07
11011     2011-01-24    02 17 23 24 30        02 09
11012     2011-01-26    03 12 19 25 30        08 11
11013     2011-01-29    05 08 14 28 30        04 06
11014     2011-01-31    02 14 20 21 24        02 09
11015     2011-02-09    08 18 19 22 23        01 03
11016     2011-02-12    15 20 30 33 35        06 09
11017     2011-02-14    16 19 24 26 31        02 04
11018     2011-02-16    16 22 24 32 34        02 10
11019     2011-02-19    08 21 23 27 33        06 11
11020     2011-02-21    09 12 19 22 28        01 05
11021     2011-02-23    01 09 13 17 30        02 08
11022     2011-02-26    09 14 24 25 34        01 04
11023     2011-02-28    05 13 16 18 24        02 12
11024     2011-03-02    12 15 16 20 33        08 12
11025     2011-03-05    08 09 25 28 29        02 10
11026     2011-03-07    01 09 15 20 29        07 09
11027     2011-03-09    05 14 25 34 35        02 05
11028     2011-03-12    01 02 13 17 28        01 04
11029     2011-03-14    03 09 17 24 28        06 12
11030     2011-03-16    15 19 25 30 33        03 08
11031     2011-03-19    12 17 19 22 35        04 11
11032     2011-03-21    07 16 23 31 33        03 10
11033     2011-03-23    03 19 24 29 33        03 09
11034     2011-03-26    03 06 09 17 27        03 09
11035     2011-03-28    03 04 13 15 32        04 09
11036     2011-03-30    03 18 29 30 33        08 09
11037     2011-04-02    01 12 14 22 24        10 12
11038     2011-04-04    07 09 11 13 33        10 12
11039     2011-04-06    01 11 14 22 34        06 08
11040     2011-04-09    03 07 15 18 20        01 06
11041     2011-04-11    04 05 11 13 25        03 06
11042     2011-04-13    06 09 18 30 32        10 12
11043     2011-04-16    02 08 23 33 35        05 10
11044     2011-04-18    11 21 24 26 31        06 07
11045     2011-04-20    13 21 22 29 31        07 11
11046     2011-04-23    09 15 16 19 29        04 06
11047     2011-04-25    02 15 22 33 35        05 08
11048     2011-04-27    13 17 25 27 28        02 03
11049     2011-04-30    05 06 10 22 25        01 09
11050     2011-05-02    04 07 29 32 33        08 10
11051     2011-05-04    06 08 12 17 18        05 10
11052     2011-05-07    13 24 31 32 33        03 09
11053     2011-05-09    03 16 28 31 32        01 09
11054     2011-05-11    05 09 16 26 35        03 10
11055     2011-05-14    01 07 31 32 35        02 10
11056     2011-05-16    03 05 29 30 31        08 10
11057     2011-05-18    07 11 30 31 34        09 12
11058     2011-05-21    01 09 27 32 33        03 06
11059     2011-05-23    09 16 21 29 34        07 10
11060     2011-05-25    03 25 29 32 34        09 10
11061     2011-05-28    06 07 16 18 20        04 10
11062     2011-05-30    06 10 17 20 21        03 07
11063     2011-06-01    10 17 18 26 32        01 05
11064     2011-06-04    01 06 27 30 34        01 06
11065     2011-06-06    03 11 14 25 34        01 04
11066     2011-06-08    06 13 18 20 33        09 10
11067     2011-06-11    10 17 22 24 32        03 10
11068     2011-06-13    01 13 16 18 32        07 09
11069     2011-06-15    03 05 28 29 33        04 12
11070     2011-06-18    09 19 22 29 30        02 08
11071     2011-06-20    27 31 33 34 35        04 06
11072     2011-06-22    03 11 13 20 35        03 08
11073     2011-06-25    13 19 20 22 33        05 11
11074     2011-06-27    07 16 23 28 31        03 06
11075     2011-06-29    06 09 20 23 28        06 10
11076     2011-07-02    18 23 25 29 30        01 02
11077     2011-07-04    05 08 19 33 34        01 12
11078     2011-07-06    04 09 16 27 30        02 06
11079     2011-07-09    01 03 23 30 31        02 10
11080     2011-07-11    05 12 30 31 32        01 03
11081     2011-07-13    04 13 20 21 35        02 09
11082     2011-07-16    07 20 25 30 32        05 09
11083     2011-07-18    06 08 18 20 24        04 08
11084     2011-07-20    14 29 31 34 35        01 12
11085     2011-07-23    02 17 19 21 22        03 10
11086     2011-07-25    04 05 06 09 15        01 06
11087     2011-07-27    06 13 20 25 34        07 09
11088     2011-07-30    20 21 27 29 35        03 08
11089     2011-08-01    05 06 23 27 34        03 04
11090     2011-08-03    02 04 29 30 34        05 08
11091     2011-08-06    11 17 23 29 30        06 08
11092     2011-08-08    10 17 19 32 33        01 12
11093     2011-08-10    04 06 08 19 31        10 11
11094     2011-08-13    11 21 22 32 34        04 08
11095     2011-08-15    09 12 17 19 29        06 11
11096     2011-08-17    03 08 20 24 25        01 02
11097     2011-08-20    04 19 28 31 33        11 12
11098     2011-08-22    06 07 28 33 35        01 10
11099     2011-08-24    02 06 09 12 20        05 08
11100     2011-08-27    08 11 13 28 33        08 09
11101     2011-08-29    05 12 20 28 30        03 07
11102     2011-08-31    19 24 28 31 34        04 12
11103     2011-09-03    03 04 26 29 34        01 03
11104     2011-09-05    07 19 27 28 34        02 05
11105     2011-09-07    02 11 26 32 33        05 12
11106     2011-09-10    01 09 29 30 35        05 09
11107     2011-09-12    02 06 18 30 32        01 08
11108     2011-09-14    07 15 18 24 28        01 07
11109     2011-09-17    01 11 12 22 34        08 10
11110     2011-09-19    30 31 33 34 35        04 07
11111     2011-09-21    02 11 13 23 31        11 12
11112     2011-09-24    06 17 28 32 33        08 12
11113     2011-09-26    04 05 07 10 12        04 05
11114     2011-09-28    06 08 17 27 35        02 11
11115     2011-10-01    17 26 30 31 35        06 11
11116     2011-10-03    10 15 18 19 26        07 12
11117     2011-10-05    10 12 28 32 33        03 05
11118     2011-10-08    04 07 11 32 35        05 07
11119     2011-10-10    04 15 20 26 31        06 12
11120     2011-10-12    20 25 26 30 31        09 10
11121     2011-10-15    02 03 30 31 33        03 09
11122     2011-10-17    03 08 23 24 34        05 12
11123     2011-10-19    10 14 18 19 35        01 06
11124     2011-10-22    08 12 14 20 25        06 08
11125     2011-10-24    07 10 27 34 35        10 12
11126     2011-10-26    07 17 29 30 33        10 12
11127     2011-10-29    01 11 22 26 29        05 08
11128     2011-10-31    03 04 06 11 13        01 02
11129     2011-11-02    01 07 13 18 23        04 08
11130     2011-11-05    08 09 13 23 35        11 12
11131     2011-11-07    03 05 12 18 33        07 11
11132     2011-11-09    12 14 16 19 33        02 09
11133     2011-11-12    04 11 23 26 35        03 12
11134     2011-11-14    01 10 12 14 17        09 10
11135     2011-11-16    06 22 29 33 35        03 12
11136     2011-11-19    08 09 11 19 33        03 12
11137     2011-11-21    02 15 18 23 31        01 02
11138     2011-11-23    17 23 26 30 32        06 12
11139     2011-11-26    04 06 10 15 16        03 04
11140     2011-11-28    01 12 32 33 34        09 11
11141     2011-11-30    02 11 19 22 35        10 12
11142     2011-12-03    04 26 30 33 34        04 06
11143     2011-12-05    08 09 12 25 33        07 10
11144     2011-12-07    07 18 24 28 33        02 03
11145     2011-12-10    07 15 19 24 29        04 06
11146     2011-12-12    09 13 19 29 34        02 11
11147     2011-12-14    01 15 16 27 28        02 07
11148     2011-12-17    07 10 11 26 31        03 04
11149     2011-12-19    02 07 12 29 31        03 05
11150     2011-12-21    13 22 30 33 34        06 12
11151     2011-12-24    07 11 14 20 27        03 10
11152     2011-12-26    01 04 06 21 35        02 11
11153     2011-12-28    06 22 29 30 35        03 05
11154     2011-12-31    04 12 16 20 28        08 11
12001     2012-01-02    07 27 28 32 33        01 12
12002     2012-01-04    03 11 14 26 29        07 08
12003     2012-01-07    16 22 24 33 34        03 10
12004     2012-01-09    10 11 22 31 32        06 07
12005     2012-01-11    01 02 29 31 33        07 12
12006     2012-01-14    03 20 22 25 27        01 09
12007     2012-01-16    04 05 13 17 25        07 10
12008     2012-01-18    06 08 30 31 32        01 11
12009     2012-01-21    06 14 20 29 35        09 10
12010     2012-01-30    25 26 29 32 34        05 07
12011     2012-02-01    05 19 22 29 30        02 04
12012     2012-02-04    06 18 22 30 35        02 07
12013     2012-02-06    07 08 11 12 24        01 02
12014     2012-02-08    10 14 24 30 32        01 12
12015     2012-02-11    12 13 24 26 33        06 08
12016     2012-02-13    05 14 20 29 31        08 12
12017     2012-02-15    06 11 22 29 34        03 12
12018     2012-02-18    03 10 14 29 31        04 08
12019     2012-02-20    07 09 17 30 34        01 12
12020     2012-02-22    12 14 27 29 34        03 06
12021     2012-02-25    10 15 21 31 34        07 08
12022     2012-02-27    07 12 20 33 35        01 10
12023     2012-02-29    07 09 17 29 35        09 10
12024     2012-03-03    03 11 17 21 30        03 07
12025     2012-03-05    01 02 05 12 27        04 07
12026     2012-03-07    10 11 22 23 29        02 09
12027     2012-03-10    03 10 11 22 31        05 07
12028     2012-03-12    10 12 15 33 34        03 10
12029     2012-03-14    04 07 08 18 29        07 10
12030     2012-03-17    03 21 22 26 32        01 03
12031     2012-03-19    19 21 23 25 30        03 08
12032     2012-03-21    07 08 16 26 34        07 11
12033     2012-03-24    08 13 19 27 32        01 08
12034     2012-03-26    01 08 15 16 29        08 09
12035     2012-03-28    01 04 30 32 35        08 12
12036     2012-03-31    01 09 20 30 31        08 12
12037     2012-04-02    09 13 27 31 35        03 10
12038     2012-04-04    11 23 25 31 35        01 03
12039     2012-04-07    15 21 22 24 35        01 05
12040     2012-04-09    02 13 23 28 29        01 05
12041     2012-04-11    01 02 13 22 23        02 10
12042     2012-04-14    07 24 27 28 35        07 12
12043     2012-04-16    01 06 25 31 34        03 09
12044     2012-04-18    03 04 14 32 35        01 02
12045     2012-04-21    05 11 17 20 28        11 12
12046     2012-04-23    04 08 19 23 27        04 11
12047     2012-04-25    05 07 17 30 34        03 10
12048     2012-04-28    06 09 26 30 35        05 06
12049     2012-04-30    09 18 22 27 31        10 12
12050     2012-05-02    13 17 22 28 29        01 10
12051     2012-05-05    01 02 17 18 33        05 12
12052     2012-05-07    10 20 26 31 33        10 12
12053     2012-05-09    11 12 26 28 31        07 12
12054     2012-05-12    01 16 18 27 30        10 11
12055     2012-05-14    07 22 26 32 33        01 08
12056     2012-05-16    11 21 23 26 34        07 09
12057     2012-05-19    01 02 14 33 34        03 05
12058     2012-05-21    13 21 29 31 35        04 12
12059     2012-05-23    09 13 19 21 27        03 04
12060     2012-05-26    02 16 21 24 30        06 10
12061     2012-05-28    05 10 14 27 33        07 09
12062     2012-05-30    21 32 33 34 35        08 09
12063     2012-06-02    11 25 26 29 35        01 02
12064     2012-06-04    09 12 13 15 30        09 10
12065     2012-06-06    10 22 28 29 34        05 11
12066     2012-06-09    01 20 25 29 33        04 06
12067     2012-06-11    20 22 27 30 33        01 02
12068     2012-06-13    01 21 31 32 35        03 06
12069     2012-06-16    02 04 22 25 34        02 11
12070     2012-06-18    09 22 23 32 34        06 08
12071     2012-06-20    13 23 29 31 34        06 08
12072     2012-06-23    04 08 17 22 25        04 10
12073     2012-06-25    18 23 29 33 34        02 07
12074     2012-06-27    10 22 23 30 32        01 07
12075     2012-06-30    07 09 10 18 22        05 10
12076     2012-07-02    02 14 16 22 24        02 05
12077     2012-07-04    10 30 32 33 34        02 03
12078     2012-07-07    01 02 23 25 35        05 12
12079     2012-07-09    01 05 25 32 33        01 10
12080     2012-07-11    11 12 14 25 28        02 05
12081     2012-07-14    10 16 17 30 35        01 08
12082     2012-07-16    02 04 09 10 15        08 10
12083     2012-07-18    16 19 28 29 31        05 08
12084     2012-07-21    21 24 27 29 31        01 02
12085     2012-07-23    07 18 29 31 33        10 12
12086     2012-07-25    03 20 25 29 32        05 10
12087     2012-07-28    01 06 07 21 31        04 11
12088     2012-07-30    13 17 24 30 35        02 10
12089     2012-08-01    06 12 21 29 32        06 11
12090     2012-08-04    02 21 27 29 33        02 10
12091     2012-08-06    03 10 28 31 33        01 09
12092     2012-08-08    08 09 23 25 31        02 12
12093     2012-08-11    02 16 21 31 33        04 11
12094     2012-08-13    02 14 23 32 35        01 10
12095     2012-08-15    06 09 22 27 30        08 12
12096     2012-08-18    05 10 19 24 35        08 09
12097     2012-08-20    09 17 24 29 32        01 02
12098     2012-08-22    02 11 28 29 30        06 12
12099     2012-08-25    12 18 24 25 32        02 12
12100     2012-08-27    07 09 13 19 27        01 03
12101     2012-08-29    02 05 08 09 31        03 07
12102     2012-09-01    02 04 06 13 35        04 08
12103     2012-09-03    02 09 18 23 24        01 04
12104     2012-09-05    16 18 24 25 27        04 09
12105     2012-09-08    05 06 14 15 31        06 08
12106     2012-09-10    15 23 25 29 31        09 10
12107     2012-09-12    04 07 09 22 33        01 03
12108     2012-09-15    06 07 12 24 35        02 06
12109     2012-09-17    01 22 30 32 35        09 11
12110     2012-09-19    01 11 17 19 26        05 12
12111     2012-09-22    01 24 25 30 33        04 11
12112     2012-09-24    01 02 28 31 35        05 07
12113     2012-09-26    03 10 22 27 29        03 12
12114     2012-09-29    03 06 21 33 35        01 07
12115     2012-10-01    01 06 13 19 23        06 09
12116     2012-10-03    01 11 18 20 22        07 10
12117     2012-10-06    01 12 18 21 33        07 08
12118     2012-10-08    05 17 25 30 33        01 12
12119     2012-10-10    05 06 09 19 32        06 09
12120     2012-10-13    02 10 21 23 29        03 04
12121     2012-10-15    07 18 20 29 30        05 06
12122     2012-10-17    23 24 25 29 31        03 12
12123     2012-10-20    05 08 18 30 33        01 09
12124     2012-10-22    07 11 19 20 35        05 10
12125     2012-10-24    06 14 17 22 35        01 02
12126     2012-10-27    13 14 21 28 29        05 10
12127     2012-10-29    12 13 14 25 35        10 12
12128     2012-10-31    09 10 19 30 31        04 11
12129     2012-11-03    01 07 21 28 31        03 09
12130     2012-11-05    14 19 23 29 30        06 07
12131     2012-11-07    02 16 18 27 30        08 12
12132     2012-11-10    05 08 21 25 33        01 11
12133     2012-11-12    05 07 13 29 30        01 05
12134     2012-11-14    01 06 18 32 35        02 07
12135     2012-11-17    03 05 17 18 33        06 07
12136     2012-11-19    02 23 29 30 31        01 04
12137     2012-11-21    03 12 20 21 27        01 06
12138     2012-11-24    13 17 27 31 33        06 12
12139     2012-11-26    09 10 12 22 25        04 11
12140     2012-11-28    07 17 27 28 29        09 10
12141     2012-12-01    03 11 19 23 34        02 12
12142     2012-12-03    15 19 29 34 35        07 10
12143     2012-12-05    09 27 29 30 31        03 06
12144     2012-12-08    11 13 14 21 29        01 10
12145     2012-12-10    05 22 31 33 35        06 09
12146     2012-12-12    01 10 13 17 26        06 08
12147     2012-12-15    02 03 17 19 33        02 09
12148     2012-12-17    04 16 27 29 34        06 11
12149     2012-12-19    02 10 23 33 34        05 10
12150     2012-12-22    02 14 18 24 31        02 03
12151     2012-12-24    03 19 20 24 33        03 04
12152     2012-12-26    04 17 26 33 34        02 08
12153     2012-12-29    08 09 10 13 22        05 10
12154     2012-12-31    03 26 27 31 32        03 09
13001     2013-01-02    06 09 11 31 32        05 11
13002     2013-01-05    04 20 27 31 32        06 12
13003     2013-01-07    01 16 18 21 31        09 12
13004     2013-01-09    07 08 12 20 25        03 07
13005     2013-01-12    18 22 26 28 31        10 12
13006     2013-01-14    08 20 25 31 32        05 07
13007     2013-01-16    14 29 32 33 34        03 06
13008     2013-01-19    02 07 25 29 34        03 06
13009     2013-01-21    10 17 19 27 29        05 12
13010     2013-01-23    09 15 17 18 29        09 11
13011     2013-01-26    01 02 08 15 23        06 09
13012     2013-01-28    01 14 31 32 34        02 11
13013     2013-01-30    13 15 29 30 35        01 11
13014     2013-02-02    05 08 25 29 31        02 04
13015     2013-02-04    14 15 26 32 33        01 11
13016     2013-02-06    05 15 19 27 32        08 09
13017     2013-02-16    11 14 22 29 34        05 11
13018     2013-02-18    20 23 31 33 34        03 09
13019     2013-02-20    06 12 17 29 30        07 11
13020     2013-02-23    06 11 20 31 32        05 09
13021     2013-02-25    23 24 28 30 33        01 11
13022     2013-02-27    03 04 13 17 23        03 08
13023     2013-03-02    05 19 24 26 35        05 07
13024     2013-03-04    09 12 14 18 24        01 04
13025     2013-03-06    03 23 25 26 28        10 12
13026     2013-03-09    02 10 16 30 33        05 06
13027     2013-03-11    03 12 14 24 35        03 08
13028     2013-03-13    13 19 28 30 34        08 12
13029     2013-03-16    05 07 17 25 26        04 10
13030     2013-03-18    03 05 09 10 28        05 07
13031     2013-03-20    12 17 18 26 32        10 11
13032     2013-03-23    12 27 28 33 35        01 08
13033     2013-03-25    12 18 22 28 31        01 11
13034     2013-03-27    01 03 11 19 29        04 08
13035     2013-03-30    05 14 28 32 34        07 08
13036     2013-04-01    08 12 32 33 35        03 05
13037     2013-04-03    02 26 31 32 34        06 08
13038     2013-04-06    01 19 24 25 26        07 09
13039     2013-04-08    06 23 30 33 35        07 10
13040     2013-04-10    16 17 22 26 35        03 10
13041     2013-04-13    03 13 14 15 34        05 08
13042     2013-04-15    02 06 22 23 33        01 06
13043     2013-04-17    07 13 25 34 35        07 09
13044     2013-04-20    07 11 13 18 28        05 10
13045     2013-04-22    08 11 12 21 25        02 07
13046     2013-04-24    15 16 19 25 32        05 11
13047     2013-04-27    12 20 28 30 35        03 11
13048     2013-04-29    10 11 23 32 33        01 04
13049     2013-05-01    18 22 25 31 32        04 06
13050     2013-05-04    14 22 30 32 33        07 08
13051     2013-05-06    05 08 15 18 33        07 08
13052     2013-05-08    01 02 10 29 31        01 10
13053     2013-05-11    13 31 33 34 35        05 07
13054     2013-05-13    05 08 21 30 32        01 08
13055     2013-05-15    04 05 22 23 24        03 09
13056     2013-05-18    11 22 30 32 35        03 04
13057     2013-05-20    07 15 27 33 35        07 10
13058     2013-05-22    20 21 27 31 35        07 11
13059     2013-05-25    03 08 11 24 27        07 12
13060     2013-05-27    15 25 26 32 35        05 10
13061     2013-05-29    01 14 18 21 32        05 10
13062     2013-06-01    01 05 08 09 12        09 12
13063     2013-06-03    03 05 11 27 28        05 06
13064     2013-06-05    21 24 26 28 32        01 03
13065     2013-06-08    09 28 31 34 35        02 09
13066     2013-06-10    06 07 13 33 34        02 11
13067     2013-06-12    02 03 05 08 29        10 12
13068     2013-06-15    10 17 27 34 35        05 07
13069     2013-06-17    06 12 13 16 30        07 12
13070     2013-06-19    09 12 18 21 29        01 08
13071     2013-06-22    13 19 26 27 28        03 11
13072     2013-06-24    12 27 28 33 35        03 05
13073     2013-06-26    03 05 23 27 31        02 06
13074     2013-06-29    06 14 20 24 32        01 07
13075     2013-07-01    01 11 13 19 35        07 08
13076     2013-07-03    13 15 16 26 27        09 10
13077     2013-07-06    24 26 30 32 35        06 12
13078     2013-07-08    02 07 23 31 33        02 08
13079     2013-07-10    09 10 17 21 34        01 07
13080     2013-07-13    06 21 23 27 31        04 06
13081     2013-07-15    07 09 15 17 23        02 07
13082     2013-07-17    03 09 25 26 33        03 12
13083     2013-07-20    26 29 30 32 35        04 10
13084     2013-07-22    08 22 26 29 35        01 05
13085     2013-07-24    08 19 23 27 32        03 05
13086     2013-07-27    09 16 26 29 31        06 09
13087     2013-07-29    09 12 22 32 34        02 04
13088     2013-07-31    03 05 08 33 35        01 03
13089     2013-08-03    06 07 23 24 29        04 11
13090     2013-08-05    02 26 30 31 33        11 12
13091     2013-08-07    04 09 28 34 35        02 08
13092     2013-08-10    07 10 21 27 33        03 09
13093     2013-08-12    01 05 17 18 26        05 07
13094     2013-08-14    03 28 33 34 35        06 09
13095     2013-08-17    03 17 28 30 33        01 10
13096     2013-08-19    17 19 20 22 26        06 08
13097     2013-08-21    07 08 13 17 32        03 08
13098     2013-08-24    02 06 16 29 34        10 11
13099     2013-08-26    04 11 28 30 33        05 12
13100     2013-08-28    09 12 24 26 30        05 09
13101     2013-08-31    04 09 13 15 32        02 09
13102     2013-09-02    06 12 15 19 26        02 11
13103     2013-09-04    05 08 13 16 31        03 09
13104     2013-09-07    02 05 11 27 29        01 11
13105     2013-09-09    07 13 27 30 34        01 12
13106     2013-09-11    06 07 12 13 27        03 12
13107     2013-09-14    07 13 14 18 25        05 12
13108     2013-09-16    05 10 13 15 18        02 11
13109     2013-09-18    13 20 26 29 32        02 06
13110     2013-09-21    07 16 18 32 33        02 07
13111     2013-09-23    07 12 13 20 27        01 03
13112     2013-09-25    02 10 20 22 29        05 12
13113     2013-09-28    19 21 23 28 30        08 12
13114     2013-09-30    06 17 21 23 33        01 09
13115     2013-10-02    05 16 29 32 34        04 11
13116     2013-10-05    13 22 23 30 33        09 11
13117     2013-10-07    05 16 23 25 33        07 12
13118     2013-10-09    04 06 11 20 31        01 05
13119     2013-10-12    01 02 16 23 35        01 11
13120     2013-10-14    06 14 15 22 26        03 11
13121     2013-10-16    03 18 19 20 24        03 12
13122     2013-10-19    15 17 20 24 35        04 12
13123     2013-10-21    02 09 10 33 34        05 12
13124     2013-10-23    05 07 18 21 32        10 11
13125     2013-10-26    04 08 14 23 28        04 08
13126     2013-10-28    09 10 15 18 30        03 06
13127     2013-10-30    03 14 16 19 32        05 10
13128     2013-11-02    11 13 27 33 35        01 02
13129     2013-11-04    11 23 29 30 33        01 04
13130     2013-11-06    08 09 15 19 30        06 09
13131     2013-11-09    12 15 29 30 31        04 12
13132     2013-11-11    23 26 28 31 34        02 10
13133     2013-11-13    02 08 10 16 17        09 12
13134     2013-11-16    02 13 19 23 32        02 09
13135     2013-11-18    04 13 19 25 26        07 12
13136     2013-11-20    05 11 15 25 28        05 11
13137     2013-11-23    04 12 32 33 34        06 08
13138     2013-11-25    03 08 13 17 24        07 09
13139     2013-11-27    05 06 18 20 31        06 07
13140     2013-11-30    01 12 17 26 28        01 06
13141     2013-12-02    05 15 18 25 31        08 10
13142     2013-12-04    06 11 25 28 29        04 12
13143     2013-12-07    03 08 14 21 31        06 08
13144     2013-12-09    03 20 21 23 35        02 08
13145     2013-12-11    02 13 15 18 20        02 11
13146     2013-12-14    06 07 15 25 31        01 09
13147     2013-12-16    03 09 22 24 25        05 09
13148     2013-12-18    02 05 09 29 32        03 07
13149     2013-12-21    06 07 08 09 13        05 07
13150     2013-12-23    06 07 14 18 22        08 11
13151     2013-12-25    02 13 21 27 30        03 04
13152     2013-12-28    09 12 14 18 19        03 09
13153     2013-12-30    04 05 16 17 30        03 09
14001     2014-01-01    05 13 20 23 29        08 11
14002     2014-01-04    01 12 21 24 29        01 07
14003     2014-01-06    07 11 13 21 33        05 06
14004     2014-01-08    07 10 19 27 28        09 12
14005     2014-01-11    15 17 18 29 33        04 08
14006     2014-01-13    01 04 07 16 35        06 08
14007     2014-01-15    08 11 14 21 32        03 11
14008     2014-01-18    11 13 20 28 35        01 05
14009     2014-01-20    10 18 25 29 33        07 08
14010     2014-01-22    05 10 20 26 27        01 03
14011     2014-01-25    04 06 14 24 35        07 12
14012     2014-01-27    09 20 21 23 29        05 07
14013     2014-01-29    10 11 13 22 28        04 12
14014     2014-02-08    01 09 11 27 29        03 11
14015     2014-02-10    04 06 18 20 30        05 07
14016     2014-02-12    04 06 13 24 34        04 09
14017     2014-02-15    05 10 11 23 34        01 10
14018     2014-02-17    08 09 12 28 34        02 12
14019     2014-02-19    07 12 22 29 32        11 12
14020     2014-02-22    01 14 17 30 35        06 07
14021     2014-02-24    06 10 17 23 24        03 09
14022     2014-02-26    03 06 10 16 25        10 11
14023     2014-03-01    04 13 15 29 33        05 09
14024     2014-03-03    07 11 15 31 32        06 11
14025     2014-03-05    19 20 27 32 34        06 08
14026     2014-03-08    05 10 12 15 26        04 08
14027     2014-03-10    09 10 24 28 29        10 12
14028     2014-03-12    03 10 20 25 30        10 12
14029     2014-03-15    03 21 22 23 35        05 09
14030     2014-03-17    03 14 18 29 35        11 12
14031     2014-03-19    06 15 27 32 33        03 04
14032     2014-03-22    02 05 06 09 31        02 09
14033     2014-03-24    01 07 08 28 29        04 08
14034     2014-03-26    03 11 14 27 32        05 07
14035     2014-03-29    09 12 14 28 29        03 10
14036     2014-03-31    01 02 12 17 29        03 08
14037     2014-04-02    03 04 08 19 34        02 04
14038     2014-04-05    07 08 12 20 32        03 05
14039     2014-04-07    02 05 11 15 20        08 11
14040     2014-04-09    12 15 21 30 33        02 08
14041     2014-04-12    05 07 11 15 18        05 12
14042     2014-04-14    16 21 25 27 35        06 11
14043     2014-04-16    01 11 23 29 30        01 12
14044     2014-04-19    22 23 25 27 35        03 11
14045     2014-04-21    06 10 12 16 30        02 11
14046     2014-04-23    03 15 18 21 26        01 06
14047     2014-04-26    06 17 18 30 34        06 12
14048     2014-04-28    01 02 05 15 35        01 11
14049     2014-04-30    03 15 17 22 31        03 05
14050     2014-05-03    10 18 27 28 35        01 06
14051     2014-05-05    01 07 11 29 30        03 11
14052     2014-05-07    14 19 21 24 30        02 07
14053     2014-05-10    02 11 17 27 30        03 04
14054     2014-05-12    02 03 20 25 34        01 12
14055     2014-05-14    04 23 26 27 35        10 11
14056     2014-05-17    12 18 28 29 35        07 08
14057     2014-05-19    08 10 20 27 33        01 09
14058     2014-05-21    09 15 22 24 26        02 07
14059     2014-05-24    07 15 17 25 29        04 11
14060     2014-05-26    12 22 29 30 34        05 11
14061     2014-05-28    04 11 17 20 29        06 10
14062     2014-05-31    04 07 17 24 25        02 04
14063     2014-06-02    11 17 21 23 34        03 04
14064     2014-06-04    08 15 33 34 35        01 08
14065     2014-06-07    07 12 19 31 33        07 12
14066     2014-06-09    08 14 16 20 31        03 11
14067     2014-06-11    03 18 23 24 31        03 07
14068     2014-06-14    05 15 24 29 35        05 06
14069     2014-06-16    16 22 27 29 31        02 09
14070     2014-06-18    01 02 07 10 32        04 12
14071     2014-06-21    04 14 15 22 23        01 07
14072     2014-06-23    17 19 22 24 30        02 09
14073     2014-06-25    04 05 07 13 35        05 06
14074     2014-06-28    06 11 22 27 30        05 11
14075     2014-06-30    05 07 29 32 35        04 10
14076     2014-07-02    05 10 19 31 32        09 10
14077     2014-07-05    09 16 26 31 32        01 05
14078     2014-07-07    10 15 16 22 28        04 05
14079     2014-07-09    09 10 20 31 32        06 10
14080     2014-07-12    17 20 23 25 27        03 10
14081     2014-07-14    03 05 08 10 25        09 12
14082     2014-07-16    01 08 18 23 25        08 12
14083     2014-07-19    18 20 24 33 35        05 10
14084     2014-07-21    02 07 09 11 28        05 09
14085     2014-07-23    06 12 13 25 29        11 12
14086     2014-07-26    06 08 27 29 35        03 09
14087     2014-07-28    04 07 31 33 35        09 10
14088     2014-07-30    07 13 20 25 26        08 11
14089     2014-08-02    02 08 12 29 30        07 12
14090     2014-08-04    02 03 20 23 28        06 08
14091     2014-08-06    10 16 18 29 32        02 07
14092     2014-08-09    02 18 27 30 32        05 11
14093     2014-08-11    03 08 30 32 34        09 11
14094     2014-08-13    13 14 24 25 34        04 07
14095     2014-08-16    06 22 30 31 34        05 06
14096     2014-08-18    03 07 21 23 31        05 10
14097     2014-08-20    03 15 20 21 23        07 09
14098     2014-08-23    16 18 22 25 35        03 10
14099     2014-08-25    15 21 22 23 33        01 07
14100     2014-08-27    02 04 08 12 35        01 07
14101     2014-08-30    09 10 12 17 28        03 11
14102     2014-09-01    01 07 14 19 20        03 12
14103     2014-09-03    14 20 23 25 26        10 12
14104     2014-09-06    07 13 14 28 32        04 11
14105     2014-09-08    04 10 26 29 32        04 08
14106     2014-09-10    05 09 11 20 22        05 11
14107     2014-09-13    05 13 14 21 34        08 10
14108     2014-09-15    01 02 13 23 35        09 12
14109     2014-09-17    15 18 20 21 23        01 02
14110     2014-09-20    09 18 19 22 24        08 11
14111     2014-09-22    11 16 18 20 29        03 04
14112     2014-09-24    03 05 14 18 32        02 10
14113     2014-09-27    02 13 17 19 23        01 06
14114     2014-09-29    03 16 24 30 33        05 08
14115     2014-10-01    01 05 26 29 30        02 10
14116     2014-10-04    06 13 15 24 27        04 05
14117     2014-10-06    03 14 17 18 33        06 09
14118     2014-10-08    02 03 23 24 26        05 11
14119     2014-10-11    04 08 09 13 18        08 12
14120     2014-10-13    01 04 06 18 33        05 11
14121     2014-10-15    13 16 18 22 32        08 10
14122     2014-10-18    03 10 25 26 35        01 07
14123     2014-10-20    01 09 12 22 25        02 09
14124     2014-10-22    01 03 28 29 35        08 12
14125     2014-10-25    12 15 19 23 31        04 10
14126     2014-10-27    02 09 22 30 34        09 10
14127     2014-10-29    02 04 06 15 19        02 11
14128     2014-11-01    02 04 16 22 34        08 11
14129     2014-11-03    07 22 28 30 32        05 06
14130     2014-11-05    02 18 31 32 33        05 07
14131     2014-11-08    03 16 19 23 27        03 07
14132     2014-11-10    01 03 04 19 32        01 07
14133     2014-11-12    02 08 12 14 18        04 12
14134     2014-11-15    02 05 07 11 32        09 12
14135     2014-11-17    20 26 28 30 35        09 12
14136     2014-11-19    04 18 20 34 35        07 11
14137     2014-11-22    02 11 16 22 34        02 05
14138     2014-11-24    01 07 29 32 34        09 12
14139     2014-11-26    03 05 07 15 34        01 10
14140     2014-11-29    01 19 20 25 34        07 12
14141     2014-12-01    04 17 20 26 29        05 08
14142     2014-12-03    18 21 25 28 30        04 06
14143     2014-12-06    01 11 14 18 25        06 10
14144     2014-12-08    01 21 24 25 35        04 11
14145     2014-12-10    15 19 22 24 26        10 11
14146     2014-12-13    02 16 23 24 28        10 11
14147     2014-12-15    05 09 14 26 34        02 09
14148     2014-12-17    03 09 10 11 20        07 09
14149     2014-12-20    02 13 19 26 35        01 05
14150     2014-12-22    19 21 30 33 35        05 07
14151     2014-12-24    03 08 26 31 32        08 12
14152     2014-12-27    05 12 18 24 33        01 05
14153     2014-12-29    01 08 13 24 32        05 10
14154     2014-12-31    05 12 17 23 28        02 09
15001     2015-01-03    08 09 19 27 30        06 07
15002     2015-01-05    03 14 20 26 32        06 10
15003     2015-01-07    12 19 27 28 34        01 12
15004     2015-01-10    03 12 14 18 28        05 06
15005     2015-01-12    11 14 15 18 19        07 08
15006     2015-01-14    06 08 30 32 33        03 07
15007     2015-01-17    02 07 08 14 31        04 08
15008     2015-01-19    07 10 11 15 17        03 10
15009     2015-01-21    17 22 26 27 33        06 10
15010     2015-01-24    02 06 17 30 35        02 07
15011     2015-01-26    04 13 22 25 30        01 06
15012     2015-01-28    03 04 06 11 31        05 09
15013     2015-01-31    11 15 25 28 35        07 10
15014     2015-02-02    08 16 25 29 35        03 10
15015     2015-02-04    01 05 13 17 32        04 11
15016     2015-02-07    06 07 16 20 34        09 11
15017     2015-02-09    07 13 16 17 29        01 07
15018     2015-02-11    04 07 10 23 31        03 07
15019     2015-02-14    02 08 16 22 24        01 03
15020     2015-02-16    11 26 28 29 32        01 04
15021     2015-02-25    22 23 24 26 31        05 06
15022     2015-02-28    09 11 14 15 26        11 12
15023     2015-03-02    06 09 11 12 22        03 11
15024     2015-03-04    02 06 08 16 34        03 04
15025     2015-03-07    07 10 20 22 27        10 11
15026     2015-03-09    11 13 14 15 22        02 08
15027     2015-03-11    05 21 22 25 28        03 10
15028     2015-03-14    03 09 28 32 33        09 10
15029     2015-03-16    07 10 19 30 35        03 05
15030     2015-03-18    09 18 19 26 31        02 05
15031     2015-03-21    07 21 29 32 33        04 12
15032     2015-03-23    06 21 25 27 30        07 11
15033     2015-03-25    03 17 22 26 28        03 07
15034     2015-03-28    04 08 15 18 26        05 09
15035     2015-03-30    22 24 29 30 35        01 10
15036     2015-04-01    14 18 20 23 24        04 08
15037     2015-04-04    10 16 21 28 31        07 08
15038     2015-04-06    12 19 22 31 35        07 08
15039     2015-04-08    03 06 07 16 25        01 06
15040     2015-04-11    02 09 10 23 35        09 12
15041     2015-04-13    01 11 21 23 28        01 10
15042     2015-04-15    03 07 12 17 24        02 11
15043     2015-04-18    02 20 22 25 29        02 07
15044     2015-04-20    16 18 27 31 33        01 03
15045     2015-04-22    08 09 22 29 30        08 12
15046     2015-04-25    05 07 10 22 26        04 10
15047     2015-04-27    01 02 17 23 31        05 12
15048     2015-04-29    10 11 22 24 33        02 09
15049     2015-05-02    08 09 11 15 22        08 10
15050     2015-05-04    06 07 10 20 28        02 07
15051     2015-05-06    01 02 11 16 21        01 05
15052     2015-05-09    13 19 24 27 29        07 08
15053     2015-05-11    08 25 28 29 32        04 07
15054     2015-05-13    02 09 15 24 34        03 09
15055     2015-05-16    06 11 14 20 30        05 10
15056     2015-05-18    06 12 19 26 35        03 10
15057     2015-05-20    01 05 07 14 26        04 06
15058     2015-05-23    10 14 20 27 30        07 12
15059     2015-05-25    07 09 19 23 32        01 03
15060     2015-05-27    16 24 25 26 33        04 11
15061     2015-05-30    06 07 08 16 22        02 10
15062     2015-06-01    06 07 13 14 15        01 04
15063     2015-06-03    01 04 06 34 35        02 04
15064     2015-06-06    02 08 20 28 31        07 10
15065     2015-06-08    04 05 07 13 35        08 11
15066     2015-06-10    01 03 07 13 29        02 10
15067     2015-06-13    04 10 18 24 27        04 11
15068     2015-06-15    02 03 20 31 35        04 08
15069     2015-06-17    02 09 11 22 25        01 07
15070     2015-06-20    03 09 12 17 18        04 12
15071     2015-06-22    04 06 13 16 34        04 10
15072     2015-06-24    19 20 21 31 33        09 10
15073     2015-06-27    09 26 27 30 34        01 06
15074     2015-06-29    01 12 21 27 33        04 09
15075     2015-07-01    13 14 26 27 33        10 12
15076     2015-07-04    03 19 21 31 34        05 12
15077     2015-07-06    01 16 17 22 28        02 09
15078     2015-07-08    19 24 26 28 33        01 02
15079     2015-07-11    01 09 17 23 24        04 05
15080     2015-07-13    14 20 29 30 32        03 08
15081     2015-07-15    03 04 10 13 17        05 09
15082     2015-07-18    08 15 28 31 33        03 06
15083     2015-07-20    14 16 19 25 29        10 12
15084     2015-07-22    10 20 21 32 34        06 07
15085     2015-07-25    02 03 04 06 16        03 12
15086     2015-07-27    05 09 11 15 32        04 09
15087     2015-07-29    02 05 15 17 22        01 11
15088     2015-08-01    05 15 28 31 34        11 12
15089     2015-08-03    05 12 18 20 27        10 12
15090     2015-08-05    06 09 11 17 21        06 08
15091     2015-08-08    02 07 28 29 30        03 07
15092     2015-08-10    02 14 21 27 34        05 08
15093     2015-08-12    16 17 25 26 27        02 04
15094     2015-08-15    02 03 10 11 29        03 07
15095     2015-08-17    08 14 26 34 35        05 10
15096     2015-08-19    03 09 12 18 21        02 06
15097     2015-08-22    04 16 17 26 27        01 04
15098     2015-08-24    09 14 21 27 33        06 09
15099     2015-08-26    09 12 14 22 25        05 10
15100     2015-08-29    09 15 18 23 32        05 07
15101     2015-08-31    06 12 17 18 32        07 12
15102     2015-09-02    11 14 15 33 34        03 12
15103     2015-09-05    07 09 15 25 34        04 10
15104     2015-09-07    16 19 25 30 34        04 09
15105     2015-09-09    08 09 15 21 27        05 09
15106     2015-09-12    02 11 13 22 30        02 03
15107     2015-09-14    03 23 25 28 29        06 07
15108     2015-09-16    01 13 16 26 31        07 12
15109     2015-09-19    01 06 11 22 31        03 12
15110     2015-09-21    02 07 10 22 30        07 11
15111     2015-09-23    07 08 16 24 28        03 10
15112     2015-09-26    04 05 15 19 28        04 11
15113     2015-09-28    01 14 21 29 33        02 10
15114     2015-09-30    09 18 24 31 34        02 10
15115     2015-10-03    08 12 13 14 16        03 09
15116     2015-10-05    07 10 19 24 33        03 07
15117     2015-10-07    06 17 20 30 33        10 11
15118     2015-10-10    03 07 20 24 31        04 09
15119     2015-10-12    01 08 12 16 21        06 11
15120     2015-10-14    01 09 15 24 32        05 10
15121     2015-10-17    02 04 17 27 28        04 06
15122     2015-10-19    11 13 15 26 35        06 11
15123     2015-10-21    04 15 27 29 30        02 10
15124     2015-10-24    04 06 12 31 32        03 06
15125     2015-10-26    02 03 15 17 28        08 10
15126     2015-10-28    04 05 08 09 21        03 06
15127     2015-10-31    09 11 14 19 30        03 08
15128     2015-11-02    10 12 23 30 32        03 04
15129     2015-11-04    01 06 23 25 29        03 09
15130     2015-11-07    17 25 31 32 34        02 12
15131     2015-11-09    11 17 19 20 27        02 03
15132     2015-11-11    03 08 14 18 27        01 05
15133     2015-11-14    03 07 08 25 30        04 08
15134     2015-11-16    01 02 06 15 35        04 07
15135     2015-11-18    05 16 20 25 29        06 08
15136     2015-11-21    05 20 23 29 32        02 10
15137     2015-11-23    14 17 21 23 26        08 11
15138     2015-11-25    01 16 20 29 32        04 07
15139     2015-11-28    02 03 05 25 32        05 07
15140     2015-11-30    01 11 15 26 35        06 11
15141     2015-12-02    02 04 15 19 31        02 03
15142     2015-12-05    12 14 22 26 30        03 06
15143     2015-12-07    09 20 31 33 35        10 11
15144     2015-12-09    01 09 24 26 29        06 11
15145     2015-12-12    06 07 20 29 32        11 12
15146     2015-12-14    04 15 19 27 31        04 11
15147     2015-12-16    01 02 13 18 19        08 10
15148     2015-12-19    08 11 27 31 33        08 09
15149     2015-12-21    04 06 10 12 28        02 08
15150     2015-12-23    04 13 18 25 33        03 07
15151     2015-12-26    15 16 18 30 35        01 07
15152     2015-12-28    04 05 22 29 35        02 11
15153     2015-12-30    01 07 22 27 33        02 11
16001     2016-01-02    01 07 19 20 30        05 10
16002     2016-01-04    07 12 18 25 35        07 09
16003     2016-01-06    04 12 17 22 26        06 07
16004     2016-01-09    10 20 23 32 35        09 10
16005     2016-01-11    06 09 12 15 20        08 11
16006     2016-01-13    14 16 17 22 24        02 09
16007     2016-01-16    02 05 14 32 35        01 03
16008     2016-01-18    05 12 31 34 35        04 05
16009     2016-01-20    05 08 10 17 20        02 12
16010     2016-01-23    12 13 15 16 28        02 05
16011     2016-01-25    02 08 10 15 23        05 10
16012     2016-01-27    05 07 11 23 28        03 12
16013     2016-01-30    03 21 23 31 35        02 11
16014     2016-02-01    06 08 21 24 27        02 10
16015     2016-02-03    01 04 10 13 30        03 09
16016     2016-02-06    03 10 22 29 32        02 05
16017     2016-02-15    11 18 24 28 29        05 10
16018     2016-02-17    05 10 13 27 33        08 11
16019     2016-02-20    04 11 15 20 26        08 09
16020     2016-02-22    01 16 22 29 30        02 09
16021     2016-02-24    01 04 09 10 35        09 11
16022     2016-02-27    04 18 21 30 35        02 11
16023     2016-02-29    04 09 14 25 27        06 11
16024     2016-03-02    01 02 11 15 18        04 08
16025     2016-03-05    03 06 13 23 24        07 10
16026     2016-03-07    02 06 29 30 34        01 07
16027     2016-03-09    06 11 13 15 28        02 06
16028     2016-03-12    13 18 20 23 31        03 06
16029     2016-03-14    20 26 27 29 32        05 12
16030     2016-03-16    10 19 21 29 33        04 06
16031     2016-03-19    03 14 24 27 29        04 11
16032     2016-03-21    05 09 14 20 33        05 12
16033     2016-03-23    03 14 15 31 35        09 10
16034     2016-03-26    14 18 31 32 35        09 10
16035     2016-03-28    17 22 24 25 29        09 12
16036     2016-03-30    07 15 26 30 31        03 06
16037     2016-04-02    03 05 13 24 34        03 05
16038     2016-04-04    03 07 09 15 33        05 12
16039     2016-04-06    01 08 16 22 28        04 05
16040     2016-04-09    20 22 29 30 35        01 06
16041     2016-04-11    12 23 24 27 34        03 06
16042     2016-04-13    02 06 08 19 24        01 06
16043     2016-04-16    01 09 16 33 34        09 12
16044     2016-04-18    01 06 10 20 31        05 11
16045     2016-04-20    07 11 25 30 33        02 08
16046     2016-04-23    03 19 22 32 34        08 12
16047     2016-04-25    02 03 23 29 32        05 09
16048     2016-04-27    04 12 17 25 27        04 10
16049     2016-04-30    03 04 05 27 33        04 09
16050     2016-05-02    07 17 21 29 35        04 05
16051     2016-05-04    16 21 23 24 32        07 08
16052     2016-05-07    08 14 19 20 33        10 11
16053     2016-05-09    04 13 15 30 35        03 05
16054     2016-05-11    02 05 09 21 30        06 07
16055     2016-05-14    06 21 27 30 34        04 09
16056     2016-05-16    10 12 14 31 35        04 05
16057     2016-05-18    08 17 19 23 30        03 08
16058     2016-05-21    02 15 17 23 28        05 09
16059     2016-05-23    02 10 27 28 33        05 07
16060     2016-05-25    02 06 22 27 34        08 11
16061     2016-05-28    09 15 17 21 23        07 12
16062     2016-05-30    02 10 14 15 35        01 09
16063     2016-06-01    08 12 22 27 35        05 09
16064     2016-06-04    01 02 10 18 35        05 11
16065     2016-06-06    01 09 18 22 24        11 12
16066     2016-06-08    10 28 29 31 33        05 11
16067     2016-06-11    02 08 11 13 19        02 08
16068     2016-06-13    05 07 22 26 34        07 12
16069     2016-06-15    14 17 19 23 30        02 09
16070     2016-06-18    02 09 13 19 23        05 07
16071     2016-06-20    08 15 19 20 33        07 12
16072     2016-06-22    16 20 24 26 31        04 09
16073     2016-06-25    07 14 17 24 27        08 10
16074     2016-06-27    01 05 07 11 14        03 08
16075     2016-06-29    03 07 17 22 31        08 12
16076     2016-07-02    03 08 10 17 31        05 06
16077     2016-07-04    09 11 14 16 35        02 05
16078     2016-07-06    07 18 29 31 35        05 11
16079     2016-07-09    07 14 15 20 27        05 10
16080     2016-07-11    15 20 29 30 33        07 12
16081     2016-07-13    06 07 18 21 33        03 08
16082     2016-07-16    03 08 23 28 29        02 07
16083     2016-07-18    01 05 09 33 35        01 05
16084     2016-07-20    08 12 15 26 35        01 08
16085     2016-07-23    14 15 27 31 32        01 07
16086     2016-07-25    03 05 22 25 30        07 09
16087     2016-07-27    03 16 17 23 25        07 09
16088     2016-07-30    04 06 17 21 30        06 11
16089     2016-08-01    07 14 17 28 34        07 10
16090     2016-08-03    04 06 08 28 32        07 12
16091     2016-08-06    08 13 17 21 22        02 08
16092     2016-08-08    02 13 31 33 34        07 11
16093     2016-08-10    01 08 14 30 35        06 07
16094     2016-08-13    01 14 16 17 18        05 07
16095     2016-08-15    08 12 18 19 21        03 06
16096     2016-08-17    01 06 08 12 21        05 10
16097     2016-08-20    06 08 18 31 33        10 12
16098     2016-08-22    08 09 11 20 29        04 05
16099     2016-08-24    03 04 12 14 27        01 05
16100     2016-08-27    08 12 19 26 30        02 12
16101     2016-08-29    04 06 28 33 35        07 12
16102     2016-08-31    03 05 06 34 35        03 12
16103     2016-09-03    05 14 20 23 29        03 11
16104     2016-09-05    01 20 22 23 30        06 07
16105     2016-09-07    08 11 31 34 35        01 02
16106     2016-09-10    03 21 30 33 35        01 04
16107     2016-09-12    02 06 19 24 26        04 06
16108     2016-09-14    10 17 22 23 25        07 09
16109     2016-09-17    03 25 28 31 34        11 12
16110     2016-09-19    07 20 21 23 30        07 10
16111     2016-09-21    04 09 22 26 27        02 12
16112     2016-09-24    07 22 23 31 32        04 05
16113     2016-09-26    10 11 17 30 34        03 12
16114     2016-09-28    16 17 20 32 33        03 07
16115     2016-10-01    01 04 15 31 34        02 11
16116     2016-10-03    04 06 08 19 34        10 12
16117     2016-10-05    03 09 14 16 23        02 09
16118     2016-10-08    12 15 18 24 29        03 11
16119     2016-10-10    02 03 09 21 22        05 10
16120     2016-10-12    03 10 20 32 34        04 07
16121     2016-10-15    04 05 08 15 20        01 06
16122     2016-10-17    01 03 12 14 29        02 06
16123     2016-10-19    04 05 13 20 32        01 10
16124     2016-10-22    04 13 24 26 29        08 11
16125     2016-10-24    06 07 08 28 30        01 02
16126     2016-10-26    11 13 16 19 24        06 08
16127     2016-10-29    01 05 15 24 26        09 10
16128     2016-10-31    17 20 22 30 33        07 08
16129     2016-11-02    07 08 19 30 35        08 09
16130     2016-11-05    11 23 32 33 34        01 12
16131     2016-11-07    06 13 25 28 30        02 07
16132     2016-11-09    04 18 19 22 35        01 02
16133     2016-11-12    01 04 05 23 28        05 09
16134     2016-11-14    01 03 31 32 34        02 07
16135     2016-11-16    01 10 12 18 35        01 12
16136     2016-11-19    05 06 07 19 23        04 11
16137     2016-11-21    07 20 23 29 34        02 10
16138     2016-11-23    12 13 16 29 35        05 11
16139     2016-11-26    13 21 30 31 35        01 08
16140     2016-11-28    12 16 23 29 34        04 11
16141     2016-11-30    02 06 07 19 28        11 12
16142     2016-12-03    01 06 17 23 26        06 12
16143     2016-12-05    04 06 22 27 31        06 07
16144     2016-12-07    04 05 13 22 31        05 10
16145     2016-12-10    01 09 11 17 28        03 08
16146     2016-12-12    21 22 25 29 34        01 11
16147     2016-12-14    07 19 20 28 30        04 12
16148     2016-12-17    05 14 15 23 25        06 08
16149     2016-12-19    01 02 03 12 33        04 09
16150     2016-12-21    01 10 18 24 29        07 10
16151     2016-12-24    04 07 11 14 21        05 12
16152     2016-12-26    08 17 22 24 30        05 11
16153     2016-12-28    13 18 25 29 35        03 11
16154     2016-12-31    06 16 17 21 29        04 06
17001     2017-01-02    07 09 20 31 33        08 10
17002     2017-01-04    07 12 14 31 34        09 11
17003     2017-01-07    03 05 06 13 22        09 12
17004     2017-01-09    05 08 11 28 31        06 07
17005     2017-01-11    05 09 20 26 35        02 11
17006     2017-01-14    04 06 23 32 33        05 06
17007     2017-01-16    08 11 17 25 27        02 04
17008     2017-01-18    03 04 09 25 32        02 04
17009     2017-01-21    05 06 08 12 22        03 04
17010     2017-01-23    04 10 13 18 35        01 02
17011     2017-01-25    05 15 21 29 34        06 09
17012     2017-02-04    04 05 24 26 35        07 12
17013     2017-02-06    05 12 17 30 34        11 12
17014     2017-02-08    04 08 15 24 25        02 05
17015     2017-02-11    01 07 19 27 34        01 02
17016     2017-02-13    03 13 28 30 33        09 10
17017     2017-02-15    04 19 24 26 29        04 06
17018     2017-02-18    06 07 10 17 23        01 09
17019     2017-02-20    02 06 14 23 25        02 10
17020     2017-02-22    16 21 24 27 28        04 07
17021     2017-02-25    01 15 17 20 26        06 08
17022     2017-02-27    02 03 09 17 24        06 12
17023     2017-03-01    05 08 12 24 34        07 10
17024     2017-03-04    21 23 29 32 35        11 12
17025     2017-03-06    10 16 19 20 34        04 05
17026     2017-03-08    10 14 19 25 32        02 07
17027     2017-03-11    08 17 25 33 34        03 11
17028     2017-03-13    06 18 22 23 33        09 11
17029     2017-03-15    01 06 14 17 29        01 11
17030     2017-03-18    21 22 24 29 34        05 06
17031     2017-03-20    02 16 17 30 32        02 09
17032     2017-03-22    02 13 14 18 29        03 09
17033     2017-03-25    15 22 23 25 34        05 11
17034     2017-03-27    06 12 21 26 29        02 11
17035     2017-03-29    14 17 22 30 33        07 12
17036     2017-04-01    01 04 09 18 33        02 05
17037     2017-04-03    13 15 16 32 34        06 11
17038     2017-04-05    04 05 13 18 27        03 09
17039     2017-04-08    05 06 14 17 26        03 08
17040     2017-04-10    04 06 10 23 29        09 11
17041     2017-04-12    02 04 06 25 31        05 09
17042     2017-04-15    02 17 31 33 34        01 07
17043     2017-04-17    06 13 22 25 35        09 12
17044     2017-04-19    11 16 17 18 25        02 09
17045     2017-04-22    01 08 11 21 35        09 12
17046     2017-04-24    04 17 20 23 30        02 03
17047     2017-04-26    15 19 32 33 34        09 12
17048     2017-04-29    07 09 13 15 19        03 10
17049     2017-05-01    09 12 14 22 31        05 08
17050     2017-05-03    12 14 17 20 28        02 06
17051     2017-05-06    14 17 18 22 29        10 11
17052     2017-05-08    03 19 24 28 33        04 12
17053     2017-05-10    06 19 20 22 26        01 11
17054     2017-05-13    16 29 30 32 33        04 05
17055     2017-05-15    19 20 22 30 33        03 09
17056     2017-05-17    01 04 24 27 32        03 10
17057     2017-05-20    12 16 19 23 24        02 05
17058     2017-05-22    14 18 20 21 28        03 06
17059     2017-05-24    08 11 13 15 17        03 10
17060     2017-05-27    09 15 20 26 31        05 12
17061     2017-05-29    10 19 23 25 30        02 04
17062     2017-05-31    01 04 06 08 28        08 12
17063     2017-06-03    18 21 22 24 29        05 11
17064     2017-06-05    01 08 20 27 30        03 04
17065     2017-06-07    05 11 12 19 28        05 12
17066     2017-06-10    11 15 23 26 30        02 11
17067     2017-06-12    10 17 18 32 35        10 11
17068     2017-06-14    07 08 19 24 27        06 07
17069     2017-06-17    10 16 20 23 32        08 11
17070     2017-06-19    06 16 18 26 30        02 03
17071     2017-06-21    01 04 11 14 33        05 07
17072     2017-06-24    01 03 29 32 34        02 05
17073     2017-06-26    07 18 28 31 33        01 02
17074     2017-06-28    08 10 11 13 17        08 11
17075     2017-07-01    05 11 16 18 35        01 06
17076     2017-07-03    02 07 25 30 35        07 12
17077     2017-07-05    01 03 04 25 31        06 09
17078     2017-07-08    04 05 27 31 34        03 06
17079     2017-07-10    01 17 19 32 33        02 11
17080     2017-07-12    08 10 21 30 31        02 05
17081     2017-07-15    02 12 15 20 34        01 06
17082     2017-07-17    05 13 20 21 25        08 09
17083     2017-07-19    02 05 14 22 34        03 09
17084     2017-07-22    06 11 14 21 31        09 12
17085     2017-07-24    09 13 14 25 30        02 05
17086     2017-07-26    12 15 18 22 31        01 08
17087     2017-07-29    03 14 21 29 35        02 06
17088     2017-07-31    05 28 31 34 35        08 09
17089     2017-08-02    03 05 06 15 18        03 10
17090     2017-08-05    03 06 15 22 35        09 11
17091     2017-08-07    01 05 07 16 19        03 12
17092     2017-08-09    03 07 09 17 34        04 05
17093     2017-08-12    05 06 17 21 29        02 04
17094     2017-08-14    03 05 08 29 33        04 08
17095     2017-08-16    15 32 33 34 35        03 12
17096     2017-08-19    03 07 09 17 28        04 12
17097     2017-08-21    07 14 19 22 34        07 12
17098     2017-08-23    06 09 17 30 35        10 11
17099     2017-08-26    08 09 17 18 24        03 07
17100     2017-08-28    02 05 18 19 31        01 09
17101     2017-08-30    05 15 21 25 29        05 08
17102     2017-09-02    01 12 23 24 29        08 12
17103     2017-09-04    04 19 20 24 29        03 04
17104     2017-09-06    09 11 22 27 30        09 11
17105     2017-09-09    04 15 22 24 32        02 09
17106     2017-09-11    09 12 18 23 29        02 04
17107     2017-09-13    04 10 19 25 27        06 12
17108     2017-09-16    01 04 15 21 22        04 09
17109     2017-09-18    06 09 19 26 34        05 07
17110     2017-09-20    10 14 20 21 35        02 05
17111     2017-09-23    02 14 17 26 34        08 12
17112     2017-09-25    05 06 20 31 32        06 12
17113     2017-09-27    05 08 17 18 23        04 12
17114     2017-09-30    06 07 12 18 23        01 12
17115     2017-10-02    14 19 20 25 31        06 08
17116     2017-10-04    02 27 30 32 33        01 03
17117     2017-10-07    05 07 09 24 32        08 10
17118     2017-10-09    02 07 16 20 33        03 11
17119     2017-10-11    05 07 13 29 35        03 08
17120     2017-10-14    08 15 24 26 27        05 06
17121     2017-10-16    01 06 12 26 31        01 07
17122     2017-10-18    03 12 18 29 34        03 11
17123     2017-10-21    03 15 23 26 32        01 12
17124     2017-10-23    03 29 30 32 35        03 08
17125     2017-10-25    07 11 18 26 28        04 05
17126     2017-10-28    03 04 13 24 33        01 11
17127     2017-10-30    02 15 18 21 22        03 10
17128     2017-11-01    09 11 13 18 33        02 03
17129     2017-11-04    05 17 20 32 33        04 09
17130     2017-11-06    05 18 28 33 34        03 04
17131     2017-11-08    03 05 08 19 34        01 12
17132     2017-11-11    11 17 23 26 27        01 10
17133     2017-11-13    15 17 19 32 33        01 03
17134     2017-11-15    07 18 19 32 34        02 10
17135     2017-11-18    01 12 15 19 22        02 04
17136     2017-11-20    01 11 20 21 22        03 04
17137     2017-11-22    01 20 22 28 29        05 07
17138     2017-11-25    04 07 09 20 25        02 11
17139     2017-11-27    02 06 19 25 32        09 12
17140     2017-11-29    10 16 25 26 29        01 05
17141     2017-12-02    02 08 21 22 29        03 05
17142     2017-12-04    01 05 16 19 28        02 10
17143     2017-12-06    06 09 24 29 32        02 07
17144     2017-12-09    03 21 23 29 32        10 11
17145     2017-12-11    04 07 17 18 19        03 10
17146     2017-12-13    01 05 11 14 35        09 10
17147     2017-12-16    05 16 17 25 34        01 11
17148     2017-12-18    19 27 31 32 35        11 12
17149     2017-12-20    10 18 19 25 26        04 12
17150     2017-12-23    03 06 10 13 18        09 11
17151     2017-12-25    05 06 23 28 32        04 05
17152     2017-12-27    02 04 07 23 28        02 08
17153     2017-12-30    01 09 24 26 34        09 12
18001     2018-01-01    01 13 22 25 35        03 04
18002     2018-01-03    12 20 23 27 34        01 06
18003     2018-01-06    04 21 23 24 30        09 10
18004     2018-01-08    04 09 22 28 30        01 10
18005     2018-01-10    04 09 23 24 30        08 11
18006     2018-01-13    19 20 30 32 33        03 05
18007     2018-01-15    03 04 28 31 34        04 11
18008     2018-01-17    09 15 17 20 22        10 11
18009     2018-01-20    10 12 28 30 34        03 04
18010     2018-01-22    24 25 26 28 29        04 12
18011     2018-01-24    03 13 15 23 26        01 10
18012     2018-01-27    03 22 24 29 34        07 11
18013     2018-01-29    08 24 31 33 35        07 10
18014     2018-01-31    14 16 18 24 31        01 08
18015     2018-02-03    04 13 15 18 29        05 11
18016     2018-02-05    01 02 12 13 23        09 12
18017     2018-02-07    04 19 21 23 31        04 09
18018     2018-02-10    06 08 13 24 28        06 12
18019     2018-02-12    10 11 19 21 28        05 12
18020     2018-02-14    01 10 13 14 21        09 12
18021     2018-02-24    05 06 08 09 15        04 11
18022     2018-02-26    02 10 19 33 35        05 06
18023     2018-02-28    12 13 18 21 29        02 08
18024     2018-03-03    02 16 24 30 32        04 07
18025     2018-03-05    07 08 09 15 34        07 08
18026     2018-03-07    01 02 03 04 30        03 05
18027     2018-03-10    01 18 20 21 26        04 11
18028     2018-03-12    04 19 25 30 35        04 07
18029     2018-03-14    03 09 21 25 29        01 08
18030     2018-03-17    05 18 21 28 32        09 11
18031     2018-03-19    03 08 13 17 23        05 11
18032     2018-03-21    07 10 17 32 35        05 12
18033     2018-03-24    02 03 19 23 34        04 09
18034     2018-03-26    08 11 22 27 32        03 07
18035     2018-03-28    05 07 10 12 24        07 11
18036     2018-03-31    11 17 18 21 27        07 08
18037     2018-04-02    01 03 27 30 31        02 11
18038     2018-04-04    14 23 25 31 32        01 03
18039     2018-04-07    02 07 14 29 32        10 11
18040     2018-04-09    05 07 18 27 31        01 08
18041     2018-04-11    01 23 25 31 33        01 12
18042     2018-04-14    03 19 25 29 35        05 09
18043     2018-04-16    03 06 13 28 33        04 11
18044     2018-04-18    02 04 06 18 21        05 08
18045     2018-04-21    02 05 20 30 35        05 09
18046     2018-04-23    10 20 22 29 32        05 10
18047     2018-04-25    03 08 10 14 20        04 08
18048     2018-04-28    02 03 11 20 25        02 07
18049     2018-04-30    04 07 09 10 13        06 12
18050     2018-05-02    22 24 26 34 35        06 12
18051     2018-05-05    09 18 28 29 35        03 11
18052     2018-05-07    05 16 18 19 25        02 07
18053     2018-05-09    11 16 21 23 25        02 12
18054     2018-05-12    09 10 12 20 30        01 07
18055     2018-05-14    03 07 20 33 34        09 10
18056     2018-05-16    02 04 16 28 34        05 07
18057     2018-05-19    13 19 22 27 28        05 06
18058     2018-05-21    09 11 12 26 32        04 10
18059     2018-05-23    01 09 10 27 35        06 11
18060     2018-05-26    04 22 27 29 31        02 10
18061     2018-05-28    04 10 12 28 31        08 11
18062     2018-05-30    12 14 19 23 35        02 07
18063     2018-06-02    05 14 15 32 34        03 10
18064     2018-06-04    01 03 04 11 29        02 04
18065     2018-06-06    07 10 28 31 32        08 10
18066     2018-06-09    01 20 23 32 33        01 04
18067     2018-06-11    03 07 12 18 31        07 10
18068     2018-06-13    08 12 16 26 33        05 06
18069     2018-06-16    01 08 13 21 24        02 11
18070     2018-06-18    02 05 10 16 30        04 07
18071     2018-06-20    02 05 23 30 31        03 09
18072     2018-06-23    05 12 17 24 26        01 02
18073     2018-06-25    13 19 24 25 29        02 08
18074     2018-06-27    03 09 12 28 30        04 12
18075     2018-06-30    01 06 12 20 34        04 12
18076     2018-07-02    07 18 28 29 32        06 08
18077     2018-07-04    01 06 09 15 26        08 09
18078     2018-07-07    07 11 12 22 30        03 06
18079     2018-07-09    03 04 10 27 29        01 05
18080     2018-07-11    07 16 24 26 31        10 11
18081     2018-07-14    02 10 13 21 35        01 12
18082     2018-07-16    01 02 14 17 18        08 10
18083     2018-07-18    07 12 25 27 28        10 11
18084     2018-07-21    06 11 17 22 35        11 12
18085     2018-07-23    01 02 14 25 31        05 07
18086     2018-07-25    16 22 24 29 31        04 05
18087     2018-07-28    03 14 19 23 25        01 04
18088     2018-07-30    08 09 21 25 33        01 08
18089     2018-08-01    26 27 28 32 34        06 10
18090     2018-08-04    06 20 24 33 34        04 11
18091     2018-08-06    06 22 26 28 31        01 07
18092     2018-08-08    05 07 14 18 19        04 10
18093     2018-08-11    03 11 16 18 33        03 11
18094     2018-08-13    11 16 25 30 34        08 10
18095     2018-08-15    07 14 18 29 35        05 12
18096     2018-08-18    13 14 20 28 34        06 10
18097     2018-08-20    10 12 14 18 23        01 04
18098     2018-08-22    02 15 18 25 27        05 07
18099     2018-08-25    12 13 16 20 21        01 07
18100     2018-08-27    06 20 21 26 30        06 09
18101     2018-08-29    03 14 15 23 29        04 05
18102     2018-09-01    06 07 13 22 24        10 12
18103     2018-09-03    14 24 26 28 35        02 03
18104     2018-09-05    01 13 14 26 28        07 11
18105     2018-09-08    01 16 19 20 31        02 07
18106     2018-09-10    04 14 17 24 31        01 04
18107     2018-09-12    07 08 09 10 22        03 04
18108     2018-09-15    09 10 24 31 32        07 12
18109     2018-09-17    10 16 23 25 34        02 05
18110     2018-09-19    06 19 21 27 28        03 11
18111     2018-09-22    03 16 27 28 32        04 05
18112     2018-09-24    03 07 08 09 29        09 10
18113     2018-09-26    08 12 27 31 33        04 08
18114     2018-09-29    12 18 26 28 29        05 06
18115     2018-10-01    02 06 13 18 25        01 02
18116     2018-10-03    01 14 17 21 33        07 10
18117     2018-10-06    07 11 13 22 29        03 08
18118     2018-10-08    04 05 14 21 34        06 09
18119     2018-10-10    06 09 11 16 35        02 05
18120     2018-10-13    21 22 25 27 30        08 09
18121     2018-10-15    06 07 21 29 30        01 10
18122     2018-10-17    08 09 21 30 31        05 12
18123     2018-10-20    06 09 29 32 35        02 04
18124     2018-10-22    08 10 12 19 20        10 11
18125     2018-10-24    07 16 20 21 34        04 06
18126     2018-10-27    11 13 15 21 27        05 06
18127     2018-10-29    01 03 04 11 29        08 12
18128     2018-10-31    11 12 14 16 26        08 09
18129     2018-11-03    04 07 21 22 29        03 06
18130     2018-11-05    03 04 16 18 25        01 11
18131     2018-11-07    12 14 21 32 33        02 11
18132     2018-11-10    03 16 22 23 27        01 04
18133     2018-11-12    08 12 14 15 19        01 10
18134     2018-11-14    04 05 19 31 35        02 12
18135     2018-11-17    14 19 23 27 34        06 12
18136     2018-11-19    03 11 12 19 21        05 11
18137     2018-11-21    07 10 22 23 33        08 11
18138     2018-11-24    01 23 24 28 33        04 05
18139     2018-11-26    05 11 16 28 35        06 09
18140     2018-11-28    01 06 08 12 15        03 04
18141     2018-12-01    03 07 23 26 33        04 09
18142     2018-12-03    19 24 28 29 34        10 11
18143     2018-12-05    04 07 20 22 33        01 02
18144     2018-12-08    06 17 18 24 31        07 11
18145     2018-12-10    09 18 29 31 33        06 11
18146     2018-12-12    03 08 09 13 33        01 02
18147     2018-12-15    01 11 26 33 35        02 10
18148     2018-12-17    02 06 24 33 34        02 03
18149     2018-12-19    01 07 10 11 20        03 06
18150     2018-12-22    05 12 13 31 34        10 12
18151     2018-12-24    04 08 18 29 30        03 07
18152     2018-12-26    02 04 05 12 28        08 11
18153     2018-12-29    03 06 07 08 21        01 08
18154     2018-12-31    14 22 23 26 30        03 05
19001     2019-01-02    06 18 23 26 28        03 12
19002     2019-01-05    02 07 14 22 31        01 07
19003     2019-01-07    04 08 18 20 32        10 12
19004     2019-01-09    15 16 17 31 32        03 09
19005     2019-01-12    21 26 27 29 34        05 06
19006     2019-01-14    14 17 19 25 30        04 08
19007     2019-01-16    03 12 16 29 32        01 05
19008     2019-01-19    03 08 17 20 24        06 11
19009     2019-01-21    03 09 15 18 26        06 12
19010     2019-01-23    03 07 24 25 27        02 12
19011     2019-01-26    04 12 13 16 17        04 09
19012     2019-01-28    05 09 17 18 19        07 10
19013     2019-01-30    08 10 15 17 18        01 08
19014     2019-02-02    12 14 20 28 31        09 11
19015     2019-02-11    02 05 10 13 30        04 06
19016     2019-02-13    03 05 13 16 28        02 06
19017     2019-02-16    01 05 07 22 25        03 04
19018     2019-02-18    03 18 19 26 34        06 12
19019     2019-02-20    04 11 19 25 32        01 02
19020     2019-02-23    01 08 16 27 34        03 12
19021     2019-02-25    07 13 17 24 33        01 10
19022     2019-02-27    01 04 14 15 21        01 05
19023     2019-03-02    01 03 14 26 30        06 11
19024     2019-03-04    11 17 19 29 33        08 09
19025     2019-03-06    06 13 16 19 29        03 07
19026     2019-03-09    10 12 15 17 19        02 03
19027     2019-03-11    16 18 24 25 27        02 07
19028     2019-03-13    06 22 28 29 33        02 07
19029     2019-03-16    01 04 18 24 28        02 03
19030     2019-03-18    07 09 13 14 33        02 04
19031     2019-03-20    03 08 21 26 33        04 05
19032     2019-03-23    01 04 07 11 30        07 08
19033     2019-03-25    01 02 04 16 24        07 09
19034     2019-03-27    08 12 15 27 30        01 02
19035     2019-03-30    01 03 05 07 18        08 09
19036     2019-04-01    03 09 21 28 30        01 12
19037     2019-04-03    06 16 26 33 35        04 08
19038     2019-04-06    05 11 16 18 27        07 12
19039     2019-04-08    01 12 18 26 35        06 12
19040     2019-04-10    01 03 31 32 34        01 03
19041     2019-04-13    12 19 20 22 28        02 06
19042     2019-04-15    04 10 13 28 33        11 12
19043     2019-04-17    02 06 07 12 15        06 12
19044     2019-04-20    03 06 10 12 31        01 02
19045     2019-04-22    01 04 16 19 33        03 12
19046     2019-04-24    02 08 14 15 35        10 12
19047     2019-04-27    03 04 10 16 32        04 09
19048     2019-04-29    06 10 16 29 33        05 11
19049     2019-05-01    10 16 22 26 27        07 11
19050     2019-05-04    04 15 16 20 35        03 12
19051     2019-05-06    11 15 16 20 29        04 08
19052     2019-05-08    04 10 15 20 24        07 11
19053     2019-05-11    01 11 19 26 35        11 12
19054     2019-05-13    02 18 23 27 30        05 10
19055     2019-05-15    02 04 06 19 22        02 06
19056     2019-05-18    01 07 10 12 23        06 08
19057     2019-05-20    08 14 16 34 35        06 12
19058     2019-05-22    03 10 13 14 32        07 11
19059     2019-05-25    07 08 15 27 32        08 12
19060     2019-05-27    01 11 12 18 21        08 10
19061     2019-05-29    01 02 13 14 26        05 11
19062     2019-06-01    05 16 23 25 28        01 12
19063     2019-06-03    05 08 15 18 21        04 08
19064     2019-06-05    07 08 13 19 29        11 12
19065     2019-06-08    03 08 10 23 27        02 12
19066     2019-06-10    04 10 11 18 31        05 08
19067     2019-06-12    03 08 11 15 16        02 10
19068     2019-06-15    04 05 08 17 27        06 11
19069     2019-06-17    08 22 23 33 34        04 06
19070     2019-06-19    02 13 15 22 34        02 12
19071     2019-06-22    07 13 14 15 22        07 11
19072     2019-06-24    02 04 06 09 18        07 10
19073     2019-06-26    04 11 19 20 24        08 11
19074     2019-06-29    08 09 13 14 34        05 07
19075     2019-07-01    05 06 07 11 16        02 11
19076     2019-07-03    01 06 11 23 29        01 11
19077     2019-07-06    01 15 17 21 33        07 10
19078     2019-07-08    05 10 21 26 30        01 07
19079     2019-07-10    10 13 16 28 35        04 05
19080     2019-07-13    05 13 18 19 24        02 07
19081     2019-07-15    06 24 26 30 33        02 07
19082     2019-07-17    06 18 20 21 31        03 04
19083     2019-07-20    17 24 26 28 32        07 09
19084     2019-07-22    12 23 25 34 35        01 07
19085     2019-07-24    04 05 06 15 26        08 11
19086     2019-07-27    05 15 16 28 31        02 07
19087     2019-07-29    05 06 18 19 27        07 12
19088     2019-07-31    01 05 18 27 33        06 08
19089     2019-08-03    09 14 18 33 34        03 12
19090     2019-08-05    13 19 28 30 33        02 12
19091     2019-08-07    04 13 20 26 28        03 12
19092     2019-08-10    02 11 15 27 30        02 05
19093     2019-08-12    16 17 26 29 35        01 07
19094     2019-08-14    01 12 14 26 27        07 09
19095     2019-08-17    03 12 17 19 31        02 06
19096     2019-08-19    02 12 22 23 27        02 06
19097     2019-08-21    10 17 20 30 35        10 12
19098     2019-08-24    13 15 17 19 22        03 04
19099     2019-08-26    04 06 18 27 33        07 09
19100     2019-08-28    05 08 12 19 21        06 11
19101     2019-08-31    05 11 18 19 27        05 06
19102     2019-09-02    05 10 15 19 31        03 06
19103     2019-09-04    05 12 22 27 32        04 07
19104     2019-09-07    02 07 19 22 28        03 05
19105     2019-09-09    01 04 09 14 17        01 06
19106     2019-09-11    05 08 10 32 35        02 10
19107     2019-09-14    05 09 19 27 35        02 03
19108     2019-09-16    24 27 28 31 34        04 08
19109     2019-09-18    02 07 08 20 25        11 12
19110     2019-09-21    01 19 23 24 30        04 05
19111     2019-09-23    06 15 20 23 27        08 10
19112     2019-09-25    03 10 16 21 33        05 06
19113     2019-09-28    03 11 27 34 35        01 02
19114     2019-09-30    03 05 07 20 23        04 11
19115     2019-10-09    01 18 21 28 32        05 12
19116     2019-10-12    02 10 16 21 23        02 12
19117     2019-10-14    01 18 21 25 35        07 08
19118     2019-10-16    02 03 13 19 26        02 03
19119     2019-10-19    03 06 09 23 34        02 11
19120     2019-10-21    06 15 17 22 25        01 09
19121     2019-10-23    01 02 03 07 17        04 10
19122     2019-10-26    05 19 25 31 33        10 11
19123     2019-10-28    03 13 15 26 30        05 12
19124     2019-10-30    07 17 26 27 30        06 12
19125     2019-11-02    05 08 09 14 34        02 05
19126     2019-11-04    05 09 16 18 30        04 07
19127     2019-11-06    04 07 08 11 16        09 11
19128     2019-11-09    20 21 25 34 35        03 12
19129     2019-11-11    10 13 18 23 30        06 12
19130     2019-11-13    01 13 20 21 26        04 10
19131     2019-11-16    05 06 14 27 29        06 10
19132     2019-11-18    03 05 06 13 18        10 12
19133     2019-11-20    03 12 24 27 34        01 12
19134     2019-11-23    05 06 07 14 17        10 11
19135     2019-11-25    04 05 19 25 26        01 11
19136     2019-11-27    03 16 20 26 29        03 09
19137     2019-11-30    03 05 12 13 26        07 12
19138     2019-12-02    04 06 07 20 29        02 04
19139     2019-12-04    01 05 07 08 11        06 10
19140     2019-12-07    03 07 08 25 27        03 05
19141     2019-12-09    02 10 20 21 35        01 12
19142     2019-12-11    03 04 26 29 33        06 07
19143     2019-12-14    04 22 23 24 32        06 12
19144     2019-12-16    02 05 20 28 31        02 11
19145     2019-12-18    05 09 19 22 32        03 05
19146     2019-12-21    10 11 26 33 34        01 06
19147     2019-12-23    09 12 19 22 33        07 08
19148     2019-12-25    03 04 07 11 30        08 09
19149     2019-12-28    01 02 07 33 35        06 10
19150     2019-12-30    07 11 12 16 33        05 07
20001     2020-01-01    17 25 26 32 34        04 07
20002     2020-01-04    03 07 18 25 30        02 07
20003     2020-01-06    23 25 26 30 34        03 07
20004     2020-01-08    17 20 21 29 30        05 09
20005     2020-01-11    06 10 33 34 35        01 03
20006     2020-01-13    09 22 25 31 32        08 12
20007     2020-01-15    02 10 19 24 30        05 08
20008     2020-01-18    14 17 19 24 32        01 06
20009     2020-01-20    19 29 31 34 35        06 10
20010     2020-03-14    01 08 13 24 32        02 09
20011     2020-03-16    02 13 19 22 23        02 07
20012     2020-03-18    01 06 18 32 34        01 03
20013     2020-03-21    01 04 05 11 35        03 09
20014     2020-03-23    03 07 09 17 21        03 06
20015     2020-03-25    01 07 23 24 26        03 07
20016     2020-03-28    04 08 19 31 35        01 02
20017     2020-03-30    01 06 07 09 10        02 11
20018     2020-04-01    09 14 16 24 26        04 12
20019     2020-04-04    01 12 22 23 33        01 12
20020     2020-04-06    08 10 12 26 32        05 09
20021     2020-04-08    10 12 24 31 33        04 09
20022     2020-04-11    04 14 20 28 35        02 03
20023     2020-04-13    04 11 23 26 30        01 06
20024     2020-04-15    03 05 06 24 30        03 07
20025     2020-04-18    02 14 21 22 26        05 07
20026     2020-04-20    03 15 26 32 34        08 12
20027     2020-04-22    04 07 20 25 32        03 09
20028     2020-04-25    04 05 28 34 35        01 08
20029     2020-04-27    11 14 17 22 30        07 09
20030     2020-04-29    01 08 17 27 30        05 06
20031     2020-05-02    01 02 05 15 21        04 05
20032     2020-05-04    02 03 09 16 32        03 04
20033     2020-05-06    07 19 20 31 34        05 08
20034     2020-05-09    11 13 20 27 31        02 04
20035     2020-05-11    10 11 22 26 28        02 04
20036     2020-05-13    01 05 11 12 26        02 07
20037     2020-05-16    01 04 10 11 14        02 05
20038     2020-05-18    04 15 20 22 24        01 09
20039     2020-05-20    01 05 15 22 31        02 09
20040     2020-05-23    02 17 20 28 29        01 07
20041     2020-05-25    07 13 20 29 34        04 07
20042     2020-05-27    03 04 05 11 22        05 06
20043     2020-05-30    12 13 17 31 32        01 06
20044     2020-06-01    01 03 22 28 30        02 05
20045     2020-06-03    02 09 16 23 27        03 08
20046     2020-06-06    15 24 27 30 34        04 12
20047     2020-06-08    04 18 27 28 30        03 10
20048     2020-06-10    03 09 10 15 16        07 09
20049     2020-06-13    03 11 15 22 30        08 10
20050     2020-06-15    03 14 16 22 34        02 06
20051     2020-06-17    02 07 09 19 33        01 07
20052     2020-06-20    09 11 26 28 35        06 07
20053     2020-06-22    02 15 18 21 27        03 06
20054     2020-06-24    11 14 15 19 20        03 07
20055     2020-06-27    03 04 12 18 34        10 12
20056     2020-06-29    03 11 25 29 34        03 06
20057     2020-07-01    17 20 21 22 31        02 08
20058     2020-07-04    01 15 19 26 27        05 10
20059     2020-07-06    01 15 22 28 32        03 11
20060     2020-07-08    12 14 25 34 35        03 12
20061     2020-07-11    07 08 12 21 26        01 06
20062     2020-07-13    01 05 14 23 31        02 07
20063     2020-07-15    11 18 20 21 33        06 07
20064     2020-07-18    05 10 23 34 35        01 11
20065     2020-07-20    13 15 26 32 33        05 07
20066     2020-07-22    06 14 21 34 35        03 10
20067     2020-07-25    01 08 14 16 28        04 10
20068     2020-07-27    15 20 23 26 33        02 08
20069     2020-07-29    05 07 26 30 31        07 10
20070     2020-08-01    01 22 30 31 32        04 12
20071     2020-08-03    01 12 16 28 33        03 12
20072     2020-08-05    11 15 18 20 27        05 06
20073     2020-08-08    04 10 12 23 27        08 09
20074     2020-08-10    03 09 10 12 21        04 11
20075     2020-08-12    02 09 10 21 35        01 07
20076     2020-08-15    01 08 18 28 30        10 12
20077     2020-08-17    17 23 28 29 32        01 03
20078     2020-08-19    14 18 20 28 34        10 11
20079     2020-08-22    04 16 24 29 35        02 12
20080     2020-08-24    03 06 22 24 25        09 10
20081     2020-08-26    01 13 15 32 35        08 10
20082     2020-08-29    02 11 12 21 34        04 08
20083     2020-08-31    01 02 17 32 34        04 09
20084     2020-09-02    02 10 20 24 31        06 12
20085     2020-09-05    03 04 11 15 28        02 03
20086     2020-09-07    08 11 15 20 28        04 10
20087     2020-09-09    01 04 20 23 29        04 08
20088     2020-09-12    02 07 23 26 35        01 12
20089     2020-09-14    13 16 20 22 27        01 02
20090     2020-09-16    05 06 27 28 29        11 12
20091     2020-09-19    12 16 20 23 31        05 12
20092     2020-09-21    08 11 17 31 35        07 11
20093     2020-09-23    06 14 25 27 28        04 11
20094     2020-09-26    04 06 07 08 16        02 08
20095     2020-09-28    02 18 25 26 32        02 07
20096     2020-09-30    07 08 10 25 28        03 11
20097     2020-10-05    05 25 27 30 34        06 12
20098     2020-10-07    04 09 15 24 35        04 10
20099     2020-10-10    02 03 11 15 27        04 12
20100     2020-10-12    04 05 08 22 33        07 10
20101     2020-10-14    03 04 05 09 34        07 09
20102     2020-10-17    07 11 18 20 29        09 12
20103     2020-10-19    07 12 13 19 23        02 08
20104     2020-10-21    03 12 23 26 30        04 07
20105     2020-10-24    03 08 12 13 22        04 12
20106     2020-10-26    02 03 11 14 27        04 10
20107     2020-10-28    01 04 13 17 28        03 07
20108     2020-10-31    02 03 06 07 33        08 09
20109     2020-11-02    02 20 21 23 32        06 12
20110     2020-11-04    11 16 20 21 28        05 11
20111     2020-11-07    05 07 09 20 28        02 07
20112     2020-11-09    08 11 13 30 32        02 06
20113     2020-11-11    06 14 18 28 33        02 05
20114     2020-11-14    10 12 21 24 30        03 07
20115     2020-11-16    01 09 18 19 23        01 09
20116     2020-11-18    08 10 12 16 22        03 09
20117     2020-11-21    07 19 20 23 24        05 10
20118     2020-11-23    01 09 15 30 33        04 09
20119     2020-11-25    14 22 24 28 32        07 08
20120     2020-11-28    05 25 26 30 35        04 10
20121     2020-11-30    09 17 27 28 35        03 08
20122     2020-12-02    08 19 29 34 35        06 11
20123     2020-12-05    01 07 11 15 21        04 11
20124     2020-12-07    11 15 24 26 35        04 05
20125     2020-12-09    01 02 03 08 22        01 04
20126     2020-12-12    01 04 09 22 28        04 12
20127     2020-12-14    01 04 17 18 26        03 10
20128     2020-12-16    09 12 13 26 33        04 10
20129     2020-12-19    10 22 27 33 34        01 11
20130     2020-12-21    16 17 23 26 32        02 12
20131     2020-12-23    08 25 27 29 35        02 03
20132     2020-12-26    03 15 16 17 21        07 10
20133     2020-12-28    11 24 26 33 35        08 09
20134     2020-12-30    08 11 13 22 25        04 07
21001     2021-01-02    02 06 12 19 33        08 09
21002     2021-01-04    02 16 26 31 34        09 11
21003     2021-01-06    07 21 28 31 35        04 10
21004     2021-01-09    05 10 17 23 28        02 08
21005     2021-01-11    03 07 10 12 35        03 05
21006     2021-01-13    04 22 25 28 35        04 05
21007     2021-01-16    05 23 30 34 35        08 10
21008     2021-01-18    05 19 20 27 33        03 08
21009     2021-01-20    01 03 20 29 32        05 12
21010     2021-01-23    01 05 16 22 34        08 11
21011     2021-01-25    06 09 11 14 21        01 03
21012     2021-01-27    06 12 20 23 33        01 09
21013     2021-01-30    21 27 28 30 34        08 11
21014     2021-02-01    07 13 20 27 29        04 09
21015     2021-02-03    04 08 17 19 25        01 07
21016     2021-02-06    08 09 10 19 34        01 02
21017     2021-02-08    17 21 26 29 32        02 07
21018     2021-02-20    02 20 23 26 34        05 10
21019     2021-02-22    01 12 13 28 29        03 04
21020     2021-02-24    07 21 22 30 33        04 06
21021     2021-02-27    16 18 29 33 35        09 12
21022     2021-03-01    02 12 22 30 33        02 04
21023     2021-03-03    07 09 13 16 32        02 09
21024     2021-03-06    11 14 21 24 31        02 10
21025     2021-03-08    17 18 23 30 31        10 12
21026     2021-03-10    07 11 20 24 27        01 11
21027     2021-03-13    09 21 22 26 30        04 12
21028     2021-03-15    02 03 05 17 29        04 10
21029     2021-03-17    02 06 10 32 33        04 07
21030     2021-03-20    18 23 25 26 32        02 07
21031     2021-03-22    01 04 19 20 34        03 05
21032     2021-03-24    01 11 14 34 35        07 10
21033     2021-03-27    01 03 05 30 32        01 05
21034     2021-03-29    08 10 14 25 34        07 08
21035     2021-03-31    05 11 16 30 32        03 04
21036     2021-04-03    08 17 25 28 33        07 11
21037     2021-04-05    10 21 27 29 33        04 12
21038     2021-04-07    09 11 20 29 32        01 07
21039     2021-04-10    04 12 14 21 35        02 11
21040     2021-04-12    02 03 09 16 19        03 07
21041     2021-04-14    02 05 09 11 32        04 09
21042     2021-04-17    09 15 20 23 29        04 05
21043     2021-04-19    07 12 17 19 34        01 10
21044     2021-04-21    06 18 31 33 35        10 11
21045     2021-04-24    01 04 06 11 19        07 09
21046     2021-04-26    06 08 12 14 18        06 08
21047     2021-04-28    01 06 09 25 33        04 08
21048     2021-05-01    04 07 17 21 27        10 12
21049     2021-05-03    01 10 22 23 25        02 12
21050     2021-05-05    09 22 32 33 35        05 10
21051     2021-05-08    01 04 14 16 19        03 04
21052     2021-05-10    02 11 13 14 30        09 12
21053     2021-05-12    03 06 15 17 35        07 11
21054     2021-05-15    03 06 17 20 25        03 09
21055     2021-05-17    03 06 10 11 24        10 11
21056     2021-05-19    03 11 16 21 26        09 10
21057     2021-05-22    05 07 19 20 28        05 07
21058     2021-05-24    13 15 17 23 34        01 11
21059     2021-05-26    04 16 27 28 35        02 09
21060     2021-05-29    09 13 25 31 33        03 07
21061     2021-05-31    15 19 20 26 32        04 07
21062     2021-06-02    04 06 23 32 34        05 07
21063     2021-06-05    05 09 14 29 30        09 11
21064     2021-06-07    01 17 19 32 34        06 10
21065     2021-06-09    23 25 30 31 35        07 08
21066     2021-06-12    24 26 29 34 35        09 11
21067     2021-06-14    01 04 22 23 34        08 09
21068     2021-06-16    02 20 21 26 30        02 10
21069     2021-06-19    01 03 24 32 33        04 06
21070     2021-06-21    03 20 21 22 24        06 12
21071     2021-06-23    08 11 16 29 35        01 04
21072     2021-06-26    02 03 15 22 26        03 11
21073     2021-06-28    08 12 14 20 24        06 10
21074     2021-06-30    11 14 18 20 25        03 07
21075     2021-07-03    06 14 15 17 20        01 05
21076     2021-07-05    06 13 22 25 26        02 04
21077     2021-07-07    02 06 09 21 25        06 08
21078     2021-07-10    02 08 17 19 25        01 05
21079     2021-07-12    06 14 19 26 33        08 11
21080     2021-07-14    15 16 20 29 30        06 10
21081     2021-07-17    05 13 24 29 35        07 08
21082     2021-07-19    01 14 22 29 33        03 10
21083     2021-07-21    07 09 11 26 35        01 08
21084     2021-07-24    02 10 14 30 33        06 09
21085     2021-07-26    01 12 15 26 35        10 11
21086     2021-07-28    02 03 07 16 17        06 10
21087     2021-07-31    10 14 15 25 28        03 10
21088     2021-08-02    02 14 31 34 35        01 07
21089     2021-08-04    01 17 24 28 35        10 12
21090     2021-08-07    06 07 19 26 32        06 12
21091     2021-08-09    01 04 10 21 29        03 05
21092     2021-08-11    12 14 27 28 34        03 07
21093     2021-08-14    20 25 27 28 31        08 11
21094     2021-08-16    05 06 24 27 33        05 12
21095     2021-08-18    10 15 19 20 30        11 12
21096     2021-08-21    07 08 10 20 21        01 05
21097     2021-08-23    11 26 30 31 33        03 10
21098     2021-08-25    02 07 21 27 33        07 09
21099     2021-08-28    15 19 27 28 30        03 04
21100     2021-08-30    07 11 23 26 28        02 07
21101     2021-09-01    13 18 19 27 32        06 11
21102     2021-09-04    02 08 11 16 23        02 07
21103     2021-09-06    04 10 23 30 31        05 11
21104     2021-09-08    23 25 26 30 33        03 11
21105     2021-09-11    07 10 11 17 18        04 09
21106     2021-09-13    02 13 14 32 34        02 12
21107     2021-09-15    03 05 13 20 25        07 11
21108     2021-09-18    05 19 22 26 35        02 06
21109     2021-09-20    03 04 07 27 31        06 09
21110     2021-09-22    11 14 29 31 32        11 12
21111     2021-09-25    07 08 15 19 28        08 09
21112     2021-09-27    18 21 22 23 35        11 12
21113     2021-09-29    17 18 25 27 28        04 08
21114     2021-10-06    08 09 13 29 30        01 11
21115     2021-10-09    08 13 19 20 29        06 10
21116     2021-10-11    04 25 28 29 35        03 11
21117     2021-10-13    11 18 21 22 33        05 06
21118     2021-10-16    14 17 18 28 34        02 03
21119     2021-10-18    01 02 09 16 30        09 10
21120     2021-10-20    05 10 21 25 31        05 11
21121     2021-10-23    02 15 19 29 30        02 09
21122     2021-10-25    14 15 26 27 29        04 05
21123     2021-10-27    08 23 26 27 33        08 09
21124     2021-10-30    10 17 22 25 35        07 09
21125     2021-11-01    17 19 21 27 31        04 09
21126     2021-11-03    01 11 12 34 35        09 12
21127     2021-11-06    01 02 15 17 26        02 11
21128     2021-11-08    14 17 18 23 27        05 08
21129     2021-11-10    02 16 17 18 34        04 10
21130     2021-11-13    02 03 14 27 28        05 10
21131     2021-11-15    06 08 16 34 35        05 06
21132     2021-11-17    04 21 28 29 33        03 11
21133     2021-11-20    08 09 17 26 28        06 08
21134     2021-11-22    02 06 14 19 28        01 06
21135     2021-11-24    04 07 17 29 31        05 06
21136     2021-11-27    08 12 19 27 33        02 05
21137     2021-11-29    02 07 13 14 19        04 05
21138     2021-12-01    09 11 12 15 31        05 11
21139     2021-12-04    05 13 18 23 34        08 09
21140     2021-12-06    05 24 26 33 35        09 12
21141     2021-12-08    02 08 16 29 34        05 12
21142     2021-12-11    11 13 17 19 25        02 09
21143     2021-12-13    09 17 19 29 34        04 11
21144     2021-12-15    03 20 25 30 34        02 09
21145     2021-12-18    03 08 25 29 30        01 06
21146     2021-12-20    03 05 08 18 20        09 11
21147     2021-12-22    01 02 08 12 26        01 07
21148     2021-12-25    01 04 12 16 29        04 08
21149     2021-12-27    20 26 28 30 35        10 11
21150     2021-12-29    04 10 11 23 26        07 10
22001     2022-01-01    08 11 19 22 29        03 11
22002     2022-01-03    04 06 07 09 24        04 12
22003     2022-01-05    02 18 24 25 34        08 12
22004     2022-01-08    07 20 27 30 33        03 04
22005     2022-01-10    02 13 17 19 34        05 09
22006     2022-01-12    01 05 07 17 20        05 12
22007     2022-01-15    05 22 23 25 35        03 11
22008     2022-01-17    01 02 13 18 34        06 07
22009     2022-01-19    13 14 18 31 33        07 10
22010     2022-01-22    04 19 25 31 35        02 11
22011     2022-01-24    03 05 17 24 32        05 12
22012     2022-01-26    03 05 10 33 34        07 10
22013     2022-02-09    04 09 16 25 32        05 06
22014     2022-02-12    01 04 10 18 32        01 09
22015     2022-02-14    01 02 08 12 30        05 12
22016     2022-02-16    01 07 17 26 32        01 09
22017     2022-02-19    10 14 18 23 25        07 11
22018     2022-02-21    16 21 29 31 34        06 09
22019     2022-02-23    01 04 07 17 21        01 02
22020     2022-02-26    16 17 30 31 35        08 09
22021     2022-02-28    11 15 16 18 35        06 09
22022     2022-03-02    01 05 14 17 28        06 07
22023     2022-03-05    04 05 18 20 25        11 12
22024     2022-03-07    01 02 11 30 35        01 12
22025     2022-03-09    04 07 22 24 29        01 07
22026     2022-03-12    11 14 22 23 27        08 10
22027     2022-03-14    03 06 11 31 32        05 12
22028     2022-03-16    04 09 16 17 35        01 07
22029     2022-03-19    07 08 10 14 17        10 12
22030     2022-03-21    12 14 15 21 30        01 09
22031     2022-03-23    07 14 16 20 28        04 08
22032     2022-03-26    05 09 18 31 32        01 05
22033     2022-03-28    08 15 16 19 33        03 04
22034     2022-03-30    02 10 24 27 28        06 07
22035     2022-04-02    09 11 13 23 31        05 08
22036     2022-04-04    18 19 21 26 34        06 07
22037     2022-04-06    01 09 17 20 28        06 10
22038     2022-04-09    07 09 11 12 26        09 12
22039     2022-04-11    01 08 11 22 31        05 11
22040     2022-04-13    10 19 25 29 33        08 12
22041     2022-04-16    05 15 25 26 33        06 11
22042     2022-04-18    08 10 11 29 32        02 06
22043     2022-04-20    02 16 17 24 30        09 12
22044     2022-04-23    01 02 16 17 20        03 07
22045     2022-04-25    02 03 07 12 20        01 05
22046     2022-04-27    06 07 12 22 27        03 05
22047     2022-04-30    07 10 11 12 33        03 11
22048     2022-05-02    16 22 28 29 32        08 09
22049     2022-05-04    06 10 20 28 35        01 10
22050     2022-05-07    02 10 21 24 30        08 10
22051     2022-05-09    01 16 17 19 33        05 06
22052     2022-05-11    01 13 18 29 35        04 09
22053     2022-05-14    09 17 19 20 25        01 09
22054     2022-05-16    05 16 21 23 34        07 10
22055     2022-05-18    01 02 12 15 23        04 06
22056     2022-05-21    02 11 15 17 31        07 09
22057     2022-05-23    06 12 18 21 35        07 10
22058     2022-05-25    03 04 24 26 35        07 08
22059     2022-05-28    04 15 18 32 34        04 09
22060     2022-05-30    02 06 10 11 20        03 09
22061     2022-06-01    06 09 19 22 30        01 06
22062     2022-06-04    05 09 11 12 31        07 11
22063     2022-06-06    02 03 22 26 31        06 10
22064     2022-06-08    02 19 22 25 35        05 07
22065     2022-06-11    05 10 13 22 28        01 04
22066     2022-06-13    02 24 25 26 34        03 12
22067     2022-06-15    04 14 15 32 33        10 11
22068     2022-06-18    03 06 10 15 23        03 08
22069     2022-06-20    02 03 23 28 35        02 09
22070     2022-06-22    01 07 17 23 35        07 11
22071     2022-06-25    09 15 19 25 29        08 09
22072     2022-06-27    01 12 13 15 30        03 07
22073     2022-06-29    11 18 21 25 32        02 04
22074     2022-07-02    02 06 21 25 28        02 06
22075     2022-07-04    04 12 13 17 18        07 09
22076     2022-07-06    05 17 30 34 35        02 09
22077     2022-07-09    05 10 11 16 19        01 10
22078     2022-07-11    02 03 18 20 27        01 02
22079     2022-07-13    07 10 19 26 32        08 12
22080     2022-07-16    10 17 30 31 34        03 06
22081     2022-07-18    05 10 19 31 32        09 10
22082     2022-07-20    04 26 27 30 33        02 09
22083     2022-07-23    02 09 17 26 32        04 06
22084     2022-07-25    03 11 19 25 27        04 12
22085     2022-07-27    11 16 31 33 35        06 08
22086     2022-07-30    04 10 21 28 31        08 11
22087     2022-08-01    04 06 10 24 28        06 12
22088     2022-08-03    01 08 10 20 35        06 11
22089     2022-08-06    01 20 21 31 33        03 11
22090     2022-08-08    01 20 24 25 31        09 12
22091     2022-08-10    02 11 20 22 34        04 12
22092     2022-08-13    01 04 12 23 29        05 12
22093     2022-08-15    07 11 14 21 29        07 10
22094     2022-08-17    03 04 07 12 19        02 05
22095     2022-08-20    05 08 22 25 35        02 07
22096     2022-08-22    16 19 24 27 33        01 06
22097     2022-08-24    05 13 22 28 29        05 11
22098     2022-08-27    01 03 06 11 13        03 11
22099     2022-08-29    07 18 25 27 33        04 05
22100     2022-08-31    10 19 20 23 31        03 07
22101     2022-09-03    02 04 06 07 08        03 06
22102     2022-09-05    01 05 14 20 30        02 04
22103     2022-09-07    08 12 16 21 32        01 12
22104     2022-09-10    03 05 13 19 25        02 05
22105     2022-09-12    01 08 09 21 22        01 04
22106     2022-09-14    16 17 21 28 32        04 07
22107     2022-09-17    07 09 19 28 29        08 10
22108     2022-09-19    04 07 13 26 28        07 11
22109     2022-09-21    05 09 24 29 35        05 12
22110     2022-09-24    02 13 16 18 23        03 06
22111     2022-09-26    06 12 16 19 31        06 10
22112     2022-09-28    04 11 18 20 26        06 12
22113     2022-10-05    13 15 22 31 33        05 12
22114     2022-10-08    11 21 24 27 28        05 10
22115     2022-10-10    17 19 20 23 27        03 08
22116     2022-10-12    01 07 20 22 31        07 12
22117     2022-10-15    09 12 15 21 32        02 07
22118     2022-10-17    02 05 15 17 26        02 08
22119     2022-10-19    01 09 16 25 29        04 09
22120     2022-10-22    11 22 26 30 33        03 05
22121     2022-10-24    04 15 16 20 21        04 05
22122     2022-10-26    04 15 17 19 25        06 12
22123     2022-10-29    02 20 28 29 30        07 10
22124     2022-10-31    02 04 11 25 30        06 12
22125     2022-11-02    03 07 14 16 19        01 11
22126     2022-11-05    04 05 08 22 35        01 03
22127     2022-11-07    02 03 08 09 20        04 10
22128     2022-11-09    10 19 21 23 35        04 10
22129     2022-11-12    10 17 23 34 35        01 04
22130     2022-11-14    05 07 15 18 23        05 10
22131     2022-11-16    02 06 08 10 17        05 06
22132     2022-11-19    02 27 30 34 35        09 12
22133     2022-11-21    01 02 14 30 31        06 09
22134     2022-11-23    03 16 23 27 32        03 06
22135     2022-11-26    09 10 27 31 32        01 03
22136     2022-11-28    01 11 15 17 33        03 11
22137     2022-11-30    05 06 08 15 20        07 08
22138     2022-12-03    05 13 16 27 33        07 12
22139     2022-12-05    01 13 14 22 35        02 05
22140     2022-12-07    05 15 25 26 29        04 12
22141     2022-12-10    05 06 14 24 25        02 04
22142     2022-12-12    07 12 14 29 35        01 11
22143     2022-12-14    10 13 14 27 33        07 08
22144     2022-12-17    03 04 08 15 21        04 07
22145     2022-12-19    10 20 29 30 35        06 09
22146     2022-12-21    01 21 23 28 35        07 09
22147     2022-12-24    04 12 22 28 30        09 11
22148     2022-12-26    04 05 06 26 27        07 12
22149     2022-12-28    15 19 22 26 28        02 07
22150     2022-12-31    06 07 26 29 30        03 12
23001     2023-01-02    18 19 24 27 34        11 12
23002     2023-01-04    11 14 21 26 27        02 07
23003     2023-01-07    05 06 14 21 22        02 09
23004     2023-01-09    04 13 15 20 22        04 08
23005     2023-01-11    01 03 10 20 29        06 11
23006     2023-01-14    02 04 12 27 35        06 07
23007     2023-01-16    02 03 24 30 32        01 06
23008     2023-01-18    04 09 17 22 25        01 05
23009     2023-01-30    01 05 11 15 33        01 10
23010     2023-02-01    05 06 13 23 26        01 06
23011     2023-02-04    02 07 08 17 25        01 03
23012     2023-02-06    07 16 17 18 28        02 03
23013     2023-02-08    01 02 09 23 25        02 06
23014     2023-02-11    03 08 18 22 24        01 09
23015     2023-02-13    08 16 24 25 34        08 12
23016     2023-02-15    02 04 12 31 32        07 11
23017     2023-02-18    02 05 09 22 27        10 11
23018     2023-02-20    04 08 17 26 30        03 11
23019     2023-02-22    05 08 09 11 15        06 08
23020     2023-02-25    05 06 23 25 28        06 09
23021     2023-02-27    02 09 18 23 27        03 05
23022     2023-03-01    07 11 15 26 28        08 10
23023     2023-03-04    09 21 23 25 33        03 10
23024     2023-03-06    11 15 24 27 30        01 10
23025     2023-03-08    03 09 27 30 31        11 12
23026     2023-03-11    02 13 24 27 30        01 06
23027     2023-03-13    09 10 12 15 23        03 06
23028     2023-03-15    01 03 29 30 34        04 12
23029     2023-03-18    07 25 27 34 35        09 11
23030     2023-03-20    06 11 12 20 35        05 12
23031     2023-03-22    05 07 08 16 25        03 11
23032     2023-03-25    05 06 18 28 30        02 07
23033     2023-03-27    04 06 10 11 25        07 09
23034     2023-03-29    07 09 10 15 24        04 12
23035     2023-04-01    07 14 23 25 29        02 11
23036     2023-04-03    01 13 22 26 31        02 10
23037     2023-04-05    06 08 16 20 24        07 08
23038     2023-04-08    04 10 18 27 32        10 12
23039     2023-04-10    02 24 26 30 34        06 07
23040     2023-04-12    04 05 18 22 30        05 12
23041     2023-04-15    05 08 13 26 35        05 09
23042     2023-04-17    02 16 21 23 27        01 08
23043     2023-04-19    02 04 17 20 27        01 08
23044     2023-04-22    02 06 07 08 15        07 10
23045     2023-04-24    07 10 13 28 31        04 05
23046     2023-04-26    13 21 25 28 32        02 10
23047     2023-04-29    10 12 13 24 25        11 12
23048     2023-05-01    07 13 16 25 32        09 11
23049     2023-05-03    03 17 22 26 28        07 12
23050     2023-05-06    08 09 14 25 29        04 06
23051     2023-05-08    03 11 19 29 33        03 12
23052     2023-05-10    02 08 11 30 33        05 08
23053     2023-05-13    01 03 11 14 20        02 11
23054     2023-05-15    19 25 30 31 34        07 09
23055     2023-05-17    06 08 12 13 15        01 06
23056     2023-05-20    13 22 24 33 34        01 02
23057     2023-05-22    01 05 06 19 24        05 11
23058     2023-05-24    19 22 29 32 35        05 08
23059     2023-05-27    09 13 23 25 28        04 07
23060     2023-05-29    02 07 19 24 30        09 12
23061     2023-05-31    07 11 21 30 32        05 07
23062     2023-06-03    06 08 22 24 30        01 08
23063     2023-06-05    04 18 29 31 34        06 09
23064     2023-06-07    02 06 09 31 32        03 07
23065     2023-06-10    08 14 16 21 25        03 12
23066     2023-06-12    06 11 13 30 32        01 03
23067     2023-06-14    02 28 30 33 35        02 10
23068     2023-06-17    21 22 24 27 31        07 08
23069     2023-06-19    08 20 21 25 32        05 07
23070     2023-06-21    10 26 29 32 33        03 11
23071     2023-06-24    02 11 12 32 34        10 12
23072     2023-06-26    05 06 09 11 14        02 04
23073     2023-06-28    15 25 28 30 35        08 10
23074     2023-07-01    03 13 22 29 34        02 09
23075     2023-07-03    07 17 20 23 32        05 11
23076     2023-07-05    08 09 11 26 34        02 07
23077     2023-07-08    05 16 18 26 35        03 06
23078     2023-07-10    02 03 06 26 27        07 08
23079     2023-07-12    06 08 26 29 34        05 08
23080     2023-07-15    01 02 09 16 30        01 11
23081     2023-07-17    05 06 23 28 35        07 10
23082     2023-07-19    02 08 09 15 20        03 09
23083     2023-07-22    13 15 21 25 32        09 10
23084     2023-07-24    03 05 08 24 32        07 08
23085     2023-07-26    11 12 26 31 35        05 07
23086     2023-07-29    03 11 15 20 35        07 11
23087     2023-07-31    03 04 16 19 24        04 05
23088     2023-08-02    08 14 16 22 24        09 12
23089     2023-08-05    03 12 20 26 35        02 12
23090     2023-08-07    08 11 12 19 35        11 12
23091     2023-08-09    06 16 18 28 29        07 11
23092     2023-08-12    03 16 21 26 32        03 12
23093     2023-08-14    11 14 17 19 21        01 05
23094     2023-08-16    12 19 22 28 32        08 12
23095     2023-08-19    08 19 28 32 34        03 07
23096     2023-08-21    06 07 14 21 31        03 10
23097     2023-08-23    06 07 18 20 22        03 09
23098     2023-08-26    02 07 15 30 34        05 09
23099     2023-08-28    09 11 13 22 23        06 07
23100     2023-08-30    04 06 13 19 35        09 11
23101     2023-09-02    06 14 16 17 28        07 10
23102     2023-09-04    02 04 07 16 33        07 11
23103     2023-09-06    08 11 19 31 32        08 11
23104     2023-09-09    06 15 16 32 33        08 10
23105     2023-09-11    07 08 19 20 25        02 11
23106     2023-09-13    16 24 26 28 31        01 06
23107     2023-09-16    01 12 15 16 18        03 10
23108     2023-09-18    05 06 17 30 32        02 08
23109     2023-09-20    01 12 21 22 31        02 09
23110     2023-09-23    04 09 11 13 17        07 08
23111     2023-09-25    03 12 15 28 35        02 12
23112     2023-09-27    01 11 17 22 27        02 09
23113     2023-09-30    06 08 30 32 33        03 10
23114     2023-10-07    02 25 27 30 35        01 10
23115     2023-10-09    07 10 23 31 34        02 10
23116     2023-10-11    01 03 09 18 29        04 09
23117     2023-10-14    05 07 15 18 20        03 04
23118     2023-10-16    06 07 13 25 33        05 08
23119     2023-10-18    04 08 10 14 21        04 10
23120     2023-10-21    02 08 16 31 34        01 10
23121     2023-10-23    05 11 15 23 33        01 09
23122     2023-10-25    01 07 09 25 29        10 12
23123     2023-10-28    02 14 16 28 30        02 07
23124     2023-10-30    06 18 23 27 32        06 10
23125     2023-11-01    07 25 26 29 32        02 08
23126     2023-11-04    07 12 17 26 34        02 06
23127     2023-11-06    04 07 08 18 19        02 06
23128     2023-11-08    01 05 07 12 13        02 06
23129     2023-11-11    09 23 25 27 33        06 12
23130     2023-11-13    13 20 27 29 30        01 07
23131     2023-11-15    03 07 21 22 24        06 07
23132     2023-11-18    03 04 12 15 23        02 06
23133     2023-11-20    10 18 25 28 33        05 11
23134     2023-11-22    10 15 22 27 33        01 12
23135     2023-11-25    05 18 22 28 29        09 12
23136     2023-11-27    13 23 27 30 34        06 09
23137     2023-11-29    04 19 21 30 31        06 12
23138     2023-12-02    07 12 20 28 31        09 10
23139     2023-12-04    15 16 25 31 34        05 09
23140     2023-12-06    01 02 09 19 30        01 02
23141     2023-12-09    04 22 25 30 31        04 05
23142     2023-12-11    04 13 15 17 32        10 12
23143     2023-12-13    09 20 23 29 33        02 10
23144     2023-12-16    05 14 18 25 35        01 10
23145     2023-12-18    06 10 12 32 33        06 07
23146     2023-12-20    14 18 19 26 31        02 07
23147     2023-12-23    06 07 19 33 34        03 08
23148     2023-12-25    11 12 20 21 27        02 12
23149     2023-12-27    01 16 17 21 29        01 06
23150     2023-12-30    05 06 17 18 33        11 12
24001     2024-01-01    03 09 17 26 35        02 07
24002     2024-01-03    01 06 08 27 32        03 04
24003     2024-01-06    07 09 12 23 29        01 02
24004     2024-01-08    02 06 18 19 27        08 09
24005     2024-01-10    03 05 07 09 12        05 08
24006     2024-01-13    08 13 16 17 33        02 10
24007     2024-01-15    04 05 28 34 35        04 11
24008     2024-01-17    04 06 11 20 30        03 05
24009     2024-01-20    15 18 19 24 26        05 09
24010     2024-01-22    02 08 10 15 27        02 08
24011     2024-01-24    01 03 27 32 34        01 07
24012     2024-01-27    21 22 25 26 34        01 09
24013     2024-01-29    05 22 25 28 30        03 12
24014     2024-01-31    04 05 16 21 31        09 11
24015     2024-02-03    08 11 14 24 31        05 06
24016     2024-02-05    15 18 25 27 29        06 11
24017     2024-02-07    03 07 25 27 35        01 04
24018     2024-02-19    04 12 19 25 27        01 09
24019     2024-02-21    19 20 26 29 30        03 04
24020     2024-02-24    02 04 08 19 26        02 06
24021     2024-02-26    01 12 16 20 28        07 09
24022     2024-02-28    07 09 11 31 32        04 08
24023     2024-03-02    08 10 12 14 22        05 09
24024     2024-03-04    03 05 12 17 26        01 12
24025     2024-03-06    01 02 08 18 27        04 08
24026     2024-03-09    01 18 21 26 33        02 12
24027     2024-03-11    08 09 16 22 23        07 09
24028     2024-03-13    13 18 20 26 28        04 08
24029     2024-03-16    04 19 24 28 34        04 05
24030     2024-03-18    08 09 11 19 30        06 12
24031     2024-03-20    09 12 15 30 34        05 06
24032     2024-03-23    05 15 26 33 35        01 09
24033     2024-03-25    04 08 10 11 15        07 09
24034     2024-03-27    23 26 27 29 33        05 08
24035     2024-03-30    05 13 17 29 33        05 12
24036     2024-04-01    02 05 11 32 34        06 10
24037     2024-04-03    17 19 20 29 35        07 11
24038     2024-04-06    15 22 24 25 29        01 05
24039     2024-04-08    03 10 11 20 22        06 10
24040     2024-04-10    05 12 16 29 30        03 06
24041     2024-04-13    06 08 14 16 28        03 05
24042     2024-04-15    01 08 15 23 35        05 12
24043     2024-04-17    03 04 08 14 27        05 07
24044     2024-04-20    03 13 15 17 22        06 10
24045     2024-04-22    09 10 14 31 32        03 08
24046     2024-04-24    06 12 17 29 30        07 11
24047     2024-04-27    11 19 21 26 35        10 11
24048     2024-04-29    12 18 21 26 28        08 09
24049     2024-05-01    04 06 09 10 22        01 08
24050     2024-05-04    03 04 14 18 26        07 09
24051     2024-05-06    05 21 22 23 29        01 02
24052     2024-05-08    02 03 13 22 34        04 08
24053     2024-05-11    01 07 19 20 35        03 09
24054     2024-05-13    05 06 09 11 22        01 03
24055     2024-05-15    07 17 22 30 34        05 07
24056     2024-05-18    16 17 18 27 35        06 12
24057     2024-05-20    09 25 30 33 34        03 09
24058     2024-05-22    06 10 13 20 32        01 02
24059     2024-05-25    17 18 20 25 31        03 12
24060     2024-05-27    03 21 25 28 30        01 12
24061     2024-05-29    01 12 19 31 33        05 08
24062     2024-06-01    05 14 15 16 33        03 05
24063     2024-06-03    07 12 16 33 34        01 03
24064     2024-06-05    05 12 21 32 33        08 09
24065     2024-06-08    05 10 18 26 27        03 06
24066     2024-06-10    13 19 20 24 25        06 07
24067     2024-06-12    03 11 14 20 22        06 09
24068     2024-06-15    15 20 31 32 33        05 10
24069     2024-06-17    07 09 16 20 24        03 07
24070     2024-06-19    04 20 21 32 34        02 09
24071     2024-06-22    06 10 15 34 35        02 10
24072     2024-06-24    04 17 21 23 32        01 06
24073     2024-06-26    07 09 12 21 23        05 09
24074     2024-06-29    02 10 11 21 27        09 11
24075     2024-07-01    08 17 26 28 32        01 10
24076     2024-07-03    01 06 22 27 35        07 12
24077     2024-07-06    01 03 25 26 29        06 12
24078     2024-07-08    05 07 10 14 15        04 07
24079     2024-07-10    03 08 17 18 23        06 11
24080     2024-07-13    03 05 24 27 28        09 11
24081     2024-07-15    14 15 25 27 34        01 10
24082     2024-07-17    08 21 23 24 26        04 05
24083     2024-07-20    09 11 12 13 30        07 09
24084     2024-07-22    04 11 16 17 23        05 10
24085     2024-07-24    02 09 16 29 35        01 06
24086     2024-07-27    11 12 14 22 28        07 11
24087     2024-07-29    07 10 20 28 34        05 10
24088     2024-07-31    01 02 23 28 32        03 05
24089     2024-08-03    05 06 29 30 34        07 08
24090     2024-08-05    02 03 06 28 33        07 11
24091     2024-08-07    01 08 11 17 21        01 02
24092     2024-08-10    02 04 25 26 31        01 06
24093     2024-08-12    16 24 26 28 29        08 12
24094     2024-08-14    12 13 24 29 31        02 08
24095     2024-08-17    01 07 19 26 27        03 05
24096     2024-08-19    02 03 23 27 31        01 10
24097     2024-08-21    07 11 12 14 19        02 08
24098     2024-08-24    03 10 15 19 29        09 10
24099     2024-08-26    04 10 24 31 35        05 08
24100     2024-08-28    02 12 19 22 32        05 11
24101     2024-08-31    16 19 22 27 35        06 10
24102     2024-09-02    01 05 09 14 20        05 11
24103     2024-09-04    19 21 29 32 33        06 08
24104     2024-09-07    01 04 09 13 17        06 09
24105     2024-09-09    14 20 21 28 32        09 11
24106     2024-09-11    05 11 19 22 29        02 12
24107     2024-09-14    06 14 16 18 34        03 10
24108     2024-09-16    16 17 21 31 34        03 08
24109     2024-09-18    12 23 26 27 28        03 11
24110     2024-09-21    01 07 08 18 28        04 12
24111     2024-09-23    03 09 19 27 30        07 11
24112     2024-09-25    05 15 24 31 34        03 10
24113     2024-09-28    16 18 25 26 33        04 08
24114     2024-09-30    12 27 30 34 35        05 11
24115     2024-10-05    03 04 12 19 24        08 12
24116     2024-10-07    01 03 06 16 25        01 11
24117     2024-10-09    02 10 22 26 28        02 04
24118     2024-10-12    01 03 09 16 19        05 11
24119     2024-10-14    06 12 28 30 33        02 07
24120     2024-10-16    04 12 17 23 27        02 08
24121     2024-10-19    07 15 18 24 33        04 05
24122     2024-10-21    05 06 09 15 17        03 10
24123     2024-10-23    03 09 16 30 31        08 09
24124     2024-10-26    02 03 07 10 25        01 11
24125     2024-10-28    10 14 19 24 26        01 10
24126     2024-10-30    02 10 17 28 34        07 08
24127     2024-11-02    02 03 10 16 28        07 10
24128     2024-11-04    03 07 10 29 31        01 03
24129     2024-11-06    07 19 30 31 34        05 07
24130     2024-11-09    11 21 25 31 32        04 10
24131     2024-11-11    02 03 04 21 26        02 03
24132     2024-11-13    05 06 10 16 31        06 09
24133     2024-11-16    08 10 14 22 29        04 06
24134     2024-11-18    01 04 07 13 33        05 06
24135     2024-11-20    06 08 22 24 30        03 08
24136     2024-11-23    01 17 20 29 34        07 08
24137     2024-11-25    08 15 16 17 21        02 05
24138     2024-11-27    05 17 20 28 34        04 09
24139     2024-11-30    05 12 20 23 24        05 07
24140     2024-12-02    03 06 15 23 31        01 12
24141     2024-12-04    02 06 07 16 20        02 11
24142     2024-12-07    08 21 24 33 34        03 10
24143     2024-12-09    16 20 22 24 31        04 05
24144     2024-12-11    06 07 08 21 30        01 05
24145     2024-12-14    01 06 09 22 24        01 03
24146     2024-12-16    05 20 21 22 32        03 04
24147     2024-12-18    12 18 21 22 31        01 07
24148     2024-12-21    06 09 20 32 35        08 11
24149     2024-12-23    02 05 16 18 22        07 09
24150     2024-12-25    04 11 23 25 34        05 07
24151     2024-12-28    05 12 17 19 35        10 11
24152     2024-12-30    01 02 07 08 31        02 10
25001     2025-01-01    05 08 16 17 27        04 07
25002     2025-01-04    19 21 22 28 32        06 09
25003     2025-01-06    10 25 30 32 34        04 10
25004     2025-01-08    02 05 09 13 33        01 07
25005     2025-01-11    05 06 08 31 32        09 11
25006     2025-01-13    03 04 13 19 35        03 10
25007     2025-01-15    15 22 23 25 31        01 09
25008     2025-01-18    01 05 07 13 35        05 12
25009     2025-01-20    03 19 21 30 32        06 09
25010     2025-01-22    05 21 28 30 32        07 12
25011     2025-01-25    03 06 07 11 27        02 08
25012     2025-02-08    02 18 19 21 25        02 11
25013     2025-02-10    14 16 18 20 35        02 05
25014     2025-02-12    05 19 22 29 35        02 10
25015     2025-02-15    07 10 24 31 35        01 08
25016     2025-02-17    05 07 12 20 29        08 12
25017     2025-02-19    10 12 26 28 31        03 10
25018     2025-02-22    01 07 09 20 28        01 04
25019     2025-02-24    07 08 11 18 23        03 11
25020     2025-02-26    01 09 12 22 29        05 09
25021     2025-03-01    10 18 25 30 35        03 12
25022     2025-03-03    01 11 13 27 29        04 10
25023     2025-03-05    10 20 22 24 25        09 12
25024     2025-03-08    06 12 13 16 23        05 08
25025     2025-03-10    03 06 08 10 25        03 07
25026     2025-03-12    02 03 07 17 30        01 09
25027     2025-03-15    03 06 11 13 20        01 11
25028     2025-03-17    06 08 20 25 29        03 07
25029     2025-03-19    05 09 26 31 33        03 10
25030     2025-03-22    03 09 14 24 28        06 07
25031     2025-03-24    14 18 20 25 35        01 07
25032     2025-03-26    12 22 25 27 28        01 02
25033     2025-03-29    01 02 08 10 33        10 12
25034     2025-03-31    04 15 22 28 33        06 08
25035     2025-04-02    22 25 28 29 30        04 08
25036     2025-04-05    04 07 13 27 30        02 06
25037     2025-04-07    05 20 23 27 31        04 06
25038     2025-04-09    07 08 20 26 34        08 09
25039     2025-04-12    03 07 14 15 19        06 10
25040     2025-04-14    02 08 16 31 32        04 12
25041     2025-04-16    03 04 21 22 27        05 11
25042     2025-04-19    06 08 11 18 20        05 11
25043     2025-04-21    03 16 20 21 27        09 11
25044     2025-04-23    15 17 21 22 26        02 08
25045     2025-04-26    08 11 21 23 27        03 08
25046     2025-04-28    04 10 15 20 34        04 07
25047     2025-04-30    03 10 11 12 21        02 03
25048     2025-05-03    02 06 17 23 35        06 11
25049     2025-05-05    09 20 22 29 34        03 08
25050     2025-05-07    15 18 20 21 34        04 10
25051     2025-05-10    02 04 13 29 31        05 12
25052     2025-05-12    02 04 11 29 30        02 08
25053     2025-05-14    14 23 29 30 33        06 12
25054     2025-05-17    03 12 16 21 29        01 02
25055     2025-05-19    08 10 25 29 30        01 02
25056     2025-05-21    12 15 28 29 32        08 11
25057     2025-05-24    09 10 11 12 29        01 10
25058     2025-05-26    06 11 15 21 23        01 07
25059     2025-05-28    03 09 10 11 26        01 02
25060     2025-05-31    12 14 19 33 34        01 07
25061     2025-06-02    02 11 16 23 28        05 10
25062     2025-06-04    14 20 27 28 29        06 10
25063     2025-06-07    05 18 26 29 32        07 10
25064     2025-06-09    05 10 18 20 34        01 08
25065     2025-06-11    07 25 32 33 35        04 09
25066     2025-06-14    15 18 27 28 34        03 06
25067     2025-06-16    06 10 12 21 22        01 06
25068     2025-06-18    01 04 17 20 22        04 10
25069     2025-06-21    04 06 07 33 34        09 10
25070     2025-06-23    08 09 15 20 22        04 12
25071     2025-06-25    01 08 25 31 33        05 11
25072     2025-06-28    04 07 15 24 29        01 04
25073     2025-06-30    01 04 17 33 34        03 09
25074     2025-07-02    02 11 15 18 21        05 10
25075     2025-07-05    08 12 16 19 35        06 09
25076     2025-07-07    11 18 22 25 29        04 12
25077     2025-07-09    12 14 16 19 28        01 04
25078     2025-07-12    07 10 15 21 24        05 06
25079     2025-07-14    02 14 32 34 35        05 11
25080     2025-07-16    09 10 18 22 24        03 12
25081     2025-07-19    01 04 06 15 18        02 03
25082     2025-07-21    02 03 04 12 26        01 08
25083     2025-07-23    12 17 18 20 34        02 05
25084     2025-07-26    09 11 13 18 29        04 11
25085     2025-07-28    02 05 09 14 33        04 09
25086     2025-07-30    02 06 23 24 33        01 10
25087     2025-08-02    05 13 14 16 20        03 08
25088     2025-08-04    08 09 10 11 35        05 11
25089     2025-08-06    02 11 12 32 34        03 10
25090     2025-08-09    06 14 19 22 27        01 04
25091     2025-08-11    01 19 22 25 27        03 10
25092     2025-08-13    04 10 17 25 32        05 07
25093     2025-08-16    01 07 09 16 30        02 05
25094     2025-08-18    04 09 17 30 33        05 09
25095     2025-08-20    07 13 14 19 27        06 10
25096     2025-08-23    02 11 17 22 24        07 09
25097     2025-08-25    05 24 25 32 34        01 09
25098     2025-08-27    01 07 09 10 23        10 12
25099     2025-08-30    06 12 20 26 31        02 04
25100     2025-09-01    26 28 32 34 35        02 07
25101     2025-09-03    05 07 19 26 32        08 09
25102     2025-09-06    09 10 13 26 28        02 04
25103     2025-09-08    05 08 19 32 34        04 05
25104     2025-09-10    02 06 09 22 34        02 08
25105     2025-09-13    15 16 25 28 34        10 12
25106     2025-09-15    05 06 11 26 29        05 10
25107     2025-09-17    05 07 08 15 33        06 10
25108     2025-09-20    14 18 21 24 29        03 06
25109     2025-09-22    04 08 10 13 26        09 10
25110     2025-09-24    01 15 22 30 31        02 08
25111     2025-09-27    02 09 14 21 26        02 12
25112     2025-09-29    03 04 21 23 24        09 12
25113     2025-10-06    01 14 18 28 35        02 03
25114     2025-10-08    03 08 09 12 16        01 05
25115     2025-10-11    03 12 14 21 35        01 05
25116     2025-10-13    02 06 16 22 29        08 12
25117     2025-10-15    05 10 18 21 29        05 07
25118     2025-10-18    02 08 09 12 21        04 05
25119     2025-10-20    08 15 27 29 31        01 07
25120     2025-10-22    11 13 22 26 35        02 08
25121     2025-10-25    02 03 08 13 21        07 12
25122     2025-10-27    02 03 06 16 17        04 05
25123     2025-10-29    08 13 24 25 31        04 10
25124     2025-11-01    06 09 14 26 27        08 09
25125     2025-11-03    10 11 13 19 35        04 11
25126     2025-11-05    01 08 18 27 30        06 07
25127     2025-11-08    04 05 19 28 29        05 08
25128     2025-11-10    03 06 26 30 33        11 12
25129     2025-11-12    03 09 14 28 35        02 04
25130     2025-11-15    01 13 16 27 29        02 11
25131     2025-11-17    03 08 25 29 32        09 12
25132     2025-11-19    01 09 10 12 19        06 07
25133     2025-11-22    04 11 23 27 35        07 11
25134     2025-11-24    07 12 18 27 33        09 10
25135     2025-11-26    02 10 16 28 32        01 07
25136     2025-11-29    07 11 15 16 23        09 11
25137     2025-12-01    07 08 09 11 22        05 11
25138     2025-12-03    01 03 19 21 23        07 11
25139     2025-12-06    08 18 22 30 35        01 04
25140     2025-12-08    04 05 13 18 34        02 08
25141     2025-12-10    04 09 24 28 29        02 10
25142     2025-12-13    09 10 14 27 29        02 09
25143     2025-12-15    03 04 18 24 29        07 12
25144     2025-12-17    02 05 13 15 28        05 08
25145     2025-12-20    05 07 20 22 25        04 05
25146     2025-12-22    06 11 13 16 22        02 03
25147     2025-12-24    06 16 21 25 33        07 08
25148     2025-12-27    03 04 14 30 32        08 12
25149     2025-12-29    24 26 30 31 32        05 12
25150     2025-12-31    13 14 15 28 31        01 05
26001     2026-01-03    07 09 23 27 32        02 08
26002     2026-01-05    04 08 15 20 31        07 08
26003     2026-01-07    02 09 11 15 16        02 04
26004     2026-01-10    05 18 23 25 32        05 09
26005     2026-01-12    02 04 16 23 35        06 11
26006     2026-01-14    05 12 18 23 35        06 12
26007     2026-01-17    01 03 13 20 26        03 10
26008     2026-01-19    03 06 17 21 33        05 11
26009     2026-01-21    05 12 13 14 33        05 08
26010     2026-01-24    02 03 13 18 26        02 09
26011     2026-01-26    14 21 23 29 33        02 10
26012     2026-01-28    01 02 09 22 25        01 06
26013     2026-01-31    03 05 06 23 26        01 04
26014     2026-02-02    16 18 23 34 35        01 06
26015     2026-02-04    01 04 10 13 17        03 11
26016     2026-02-07    08 09 12 19 24        01 06
26017     2026-02-09    04 05 10 23 31        07 12
26018     2026-02-11    09 11 19 30 35        01 12
26019     2026-02-25    12 13 14 16 31        04 12
26020     2026-02-28    01 10 21 23 29        10 12
26021     2026-03-02    05 08 12 14 17        04 05
26022     2026-03-04    05 09 10 18 26        05 06
26023     2026-03-07    09 25 26 27 28        01 08
26024     2026-03-09    02 04 08 10 21        09 12
26025     2026-03-11    03 15 24 28 29        03 07
26026     2026-03-14    10 11 22 26 32        01 08
26027     2026-03-16    09 10 11 12 16        01 11
26028     2026-03-18    15 27 29 30 34        01 10
26029     2026-03-21    03 05 17 33 35        05 07
26030     2026-03-23    02 13 22 28 34        05 12
26031     2026-03-25    06 08 22 29 34        05 07
26032     2026-03-28    03 04 19 26 32        01 12
26033     2026-03-30    03 05 07 09 18        02 10
26034     2026-04-01    11 12 25 26 27        08 11
26035     2026-04-04    02 22 30 33 34        08 12
26036     2026-04-06    04 07 16 26 32        05 08
26037     2026-04-08    07 12 13 28 32        06 08
26038     2026-04-11    08 17 21 33 35        06 07
26039     2026-04-13    09 11 20 26 27        06 09
26040     2026-04-15    06 12 13 21 34        08 09
26041     2026-04-18    24 25 27 29 34        02 06
26042     2026-04-20    02 07 13 19 24        03 08
26043     2026-04-22    08 12 14 19 22        11 12
26044     2026-04-25    03 08 22 26 29        07 10
26045     2026-04-27    01 15 21 26 33        04 07
26046     2026-04-29    01 13 18 27 33        04 07
26047     2026-05-02    09 20 21 23 28        06 11
26048     2026-05-04    11 17 20 23 35        01 10
26049     2026-05-06    01 06 14 15 17        02 03
26050     2026-05-09    06 10 14 23 33        08 10
26051     2026-05-11    13 18 28 32 33        02 11
26052     2026-05-13    02 03 20 28 33        02 12
26053     2026-05-16    02 09 14 20 31        05 09
26054     2026-05-18    02 06 14 22 24        08 11
26055     2026-05-20    09 10 20 33 35        04 11
26056     2026-05-23    06 07 18 21 30        01 05
26057     2026-05-25    23 25 26 27 34        04 10
26058     2026-05-27    07 12 13 18 34        01 05
26059     2026-05-30    06 13 17 19 26        07 08
26060     2026-06-01    22 28 30 31 34        01 05
26061     2026-06-03    10 12 26 31 35        02 12
26062     2026-06-06    07 15 20 24 29        04 10
26063     2026-06-08    03 15 20 29 31        01 12
26064     2026-06-10    03 13 15 17 21        02 07
26065     2026-06-13    04 11 12 13 25        04 08
26066     2026-06-15    10 13 19 21 30        04 05
26067     2026-06-17    06 16 18 19 28        07 11
26068     2026-06-20    03 11 12 21 22        06 10
26069     2026-06-22    12 19 21 24 29        03 10
26070     2026-06-24    04 05 15 21 32        02 11
26071     2026-06-27    05 13 22 26 32        02 03
26072     2026-06-29    01 13 26 29 30        09 11
26073     2026-07-01    04 10 22 23 33        02 12
26074     2026-07-04    01 04 10 23 25        01 12
26075     2026-07-06    01 06 16 18 26        04 10
26076     2026-07-08    15 20 27 28 35        02 11
26077     2026-07-11    04 14 19 24 27        06 07

============================================================
数据来源：中国体彩网 / 乐彩网
整理时间：2026年7月13日
共计 2895 期开奖记录
============================================================